filename,width,height,class,xmin,ymin,xmax,ymax
snap07301.jpg,1920,1088,Gloves,769,568,835,680
snap07301.jpg,1920,1088,Gloves,988,557,1043,681
snap07301.jpg,1920,1088,Mask,870,151,929,226
snap07301.jpg,1920,1088,Face_Shield,842,105,951,244
snap07301.jpg,1920,1088,Coverall,748,58,1060,954
snap00901.jpg,1920,1088,Gloves,702,518,787,630
snap00901.jpg,1920,1088,Gloves,1171,490,1270,604
snap00901.jpg,1920,1088,Face_Shield,920,82,1017,153
snap00901.jpg,1920,1088,Coverall,762,30,1200,1014
Using Personal Protection Equipment (PPE) 072.jpg,1280,720,Coverall,549,186,852,720
Using Personal Protection Equipment (PPE) 072.jpg,1280,720,Face_Shield,653,105,744,208
Using Personal Protection Equipment (PPE) 072.jpg,1280,720,Mask,668,155,739,208
gv.jpg,650,321,Goggles,97,62,159,90
gv.jpg,650,321,Mask,98,79,156,124
gv.jpg,650,321,Mask,276,112,359,164
gv.jpg,650,321,Mask,494,125,531,149
gv.jpg,650,321,Gloves,391,117,472,189
gv.jpg,650,321,Coverall,33,2,232,317
gv.jpg,650,321,Coverall,195,103,482,320
gv.jpg,650,321,Coverall,456,4,650,319
cxj.jpg,1024,576,Gloves,519,449,722,562
cxj.jpg,1024,576,Mask,240,134,389,257
cxj.jpg,1024,576,Face_Shield,197,19,432,289
cxj.jpg,1024,576,Coverall,58,10,520,575
snap08871.jpg,1920,1088,Mask,973,240,1070,363
snap08871.jpg,1920,1088,Face_Shield,925,173,1117,378
snap08871.jpg,1920,1088,Coverall,733,355,1350,950
How to properly wear personal protective equipment for airborne contaminants 183.jpg,1280,720,Coverall,667,236,1106,720
hy.jpg,800,450,Gloves,549,405,621,448
hy.jpg,800,450,Gloves,377,235,529,378
hy.jpg,800,450,Mask,389,108,491,198
hy.jpg,800,450,Goggles,380,80,492,117
hy.jpg,800,450,Face_Shield,361,31,533,215
hy.jpg,800,450,Coverall,224,5,623,446
frame05371.jpg,1920,1088,Gloves,606,765,755,1015
frame05371.jpg,1920,1088,Goggles,876,315,1130,427
frame05371.jpg,1920,1088,Gloves,1209,794,1352,1051
frame05371.jpg,1920,1088,Mask,894,362,1102,548
frame05371.jpg,1920,1088,Coverall,474,119,1523,1085
aw.jpg,1200,800,Gloves,439,658,494,745
aw.jpg,1200,800,Gloves,709,639,755,741
aw.jpg,1200,800,Mask,547,175,647,262
aw.jpg,1200,800,Coverall,414,54,774,797
frame05361.jpg,1920,1088,Mask,898,363,1103,548
frame05361.jpg,1920,1088,Goggles,880,319,1125,421
frame05361.jpg,1920,1088,Gloves,592,831,744,1083
frame05361.jpg,1920,1088,Gloves,1205,896,1335,1086
frame05361.jpg,1920,1088,Coverall,515,118,1517,1086
jeks.jpg,900,945,Mask,347,193,402,244
jeks.jpg,900,945,Face_Shield,323,144,423,272
jeks.jpg,900,945,Gloves,211,482,254,548
jeks.jpg,900,945,Gloves,549,536,591,600
jeks.jpg,900,945,Coverall,198,115,598,930
snap08671.jpg,1920,1088,Mask,950,223,1101,410
snap08671.jpg,1920,1088,Face_Shield,878,121,1159,428
snap08671.jpg,1920,1088,Coverall,628,21,1498,953
Using Personal Protection Equipment (PPE) 124.jpg,1280,720,Coverall,531,114,950,720
Using Personal Protection Equipment (PPE) 124.jpg,1280,720,Mask,696,168,814,251
snap08381.jpg,1920,1088,Gloves,1123,732,1250,883
snap08381.jpg,1920,1088,Gloves,916,374,1034,499
snap08381.jpg,1920,1088,Mask,961,187,1057,307
snap08381.jpg,1920,1088,Face_Shield,926,117,1103,323
snap08381.jpg,1920,1088,Coverall,716,57,1333,954
frame05391.jpg,1920,1088,Gloves,875,324,1129,431
frame05391.jpg,1920,1088,Mask,896,367,1105,553
frame05391.jpg,1920,1088,Gloves,1193,817,1334,1055
frame05391.jpg,1920,1088,Gloves,620,765,765,1014
frame05391.jpg,1920,1088,Coverall,492,117,1519,1085
frame05671.jpg,1920,1088,Gloves,1262,780,1438,913
frame05671.jpg,1920,1088,Gloves,1183,700,1307,800
frame05671.jpg,1920,1088,Goggles,997,308,1100,378
frame05671.jpg,1920,1088,Mask,959,346,1064,412
frame05671.jpg,1920,1088,Coverall,682,130,1264,1086
Demonstration of Donning (Putting On) Personal Protective Equipment (PPE) 153.jpg,1280,720,Coverall,452,392,1160,720
Demonstration of Donning (Putting On) Personal Protective Equipment (PPE) 153.jpg,1280,720,Mask,585,279,727,446
58i.jpg,999,599,Mask,478,282,624,457
58i.jpg,999,599,Goggles,447,223,589,300
58i.jpg,999,599,Gloves,239,210,452,446
58i.jpg,999,599,Gloves,568,204,782,487
58i.jpg,999,599,Coverall,115,29,997,594
snap07111.jpg,1920,1088,Mask,894,299,1028,464
snap07111.jpg,1920,1088,Face_Shield,826,210,1087,500
snap07111.jpg,1920,1088,Gloves,1021,400,1185,645
snap07111.jpg,1920,1088,Gloves,748,412,915,671
snap07111.jpg,1920,1088,Coverall,562,473,1382,1087
frame05471.jpg,1920,1088,Gloves,1450,937,1580,1062
frame05471.jpg,1920,1088,Gloves,1203,863,1346,989
frame05471.jpg,1920,1088,Goggles,1337,396,1456,446
frame05471.jpg,1920,1088,Mask,1307,419,1406,478
frame05471.jpg,1920,1088,Coverall,926,214,1523,1083
gse.jpg,700,814,Mask,220,335,513,574
jd.jpg,350,350,Gloves,34,47,181,316
jd.jpg,350,350,Goggles,159,98,312,162
jd.jpg,350,350,Mask,172,118,298,235
jd.jpg,350,350,Coverall,18,1,348,348
nn.jpg,626,417,Mask,134,177,181,209
nn.jpg,626,417,Mask,385,102,453,164
nn.jpg,626,417,Face_Shield,109,141,196,219
nn.jpg,626,417,Face_Shield,359,29,498,186
nn.jpg,626,417,Gloves,394,357,474,415
nn.jpg,626,417,Gloves,387,290,446,359
nn.jpg,626,417,Coverall,230,10,623,413
nn.jpg,626,417,Coverall,37,108,243,415
Using Personal Protection Equipment (PPE) 055.jpg,1280,720,Coverall,615,214,913,720
Using Personal Protection Equipment (PPE) 055.jpg,1280,720,Mask,680,177,792,236
How to properly wear personal protective equipment for airborne contaminants 273.jpg,1280,720,Coverall,432,500,1191,720
How to properly wear personal protective equipment for airborne contaminants 273.jpg,1280,720,Mask,658,268,814,443
How to properly wear personal protective equipment for airborne contaminants 269.jpg,1280,720,Coverall,367,474,1196,720
How to properly wear personal protective equipment for airborne contaminants 269.jpg,1280,720,Mask,640,301,783,492
frame05701.jpg,1920,1088,Gloves,1316,685,1493,803
frame05701.jpg,1920,1088,Gloves,1198,662,1321,749
frame05701.jpg,1920,1088,Goggles,1053,317,1173,387
frame05701.jpg,1920,1088,Mask,1030,348,1128,415
frame05701.jpg,1920,1088,Coverall,753,130,1251,1085
ge.jpg,600,338,Mask,118,50,154,73
ge.jpg,600,338,Goggles,110,34,161,57
ge.jpg,600,338,Gloves,194,137,239,170
ge.jpg,600,338,Coverall,25,6,216,336
ge.jpg,600,338,Goggles,271,48,307,68
ge.jpg,600,338,Mask,275,61,307,86
ge.jpg,600,338,Coverall,229,25,348,164
ge.jpg,600,338,Goggles,356,57,420,92
ge.jpg,600,338,Mask,371,86,412,105
ge.jpg,600,338,Gloves,338,247,366,284
ge.jpg,600,338,Gloves,517,239,554,299
ge.jpg,600,338,Coverall,335,8,552,337
frame05141.jpg,1920,1088,Goggles,823,301,1128,500
frame05141.jpg,1920,1088,Mask,837,409,1082,636
frame05141.jpg,1920,1088,Gloves,591,295,873,601
frame05141.jpg,1920,1088,Gloves,1074,281,1329,599
frame05141.jpg,1920,1088,Coverall,292,535,1674,1082
gtuyk.jpeg,900,577,Gloves,305,383,386,432
gtuyk.jpeg,900,577,Gloves,556,403,643,465
gtuyk.jpeg,900,577,Mask,488,118,572,188
gtuyk.jpeg,900,577,Face_Shield,459,59,612,223
gtuyk.jpeg,900,577,Coverall,370,12,736,577
Demonstration of Donning (Putting On) Personal Protective Equipment (PPE) 203.jpg,1280,720,Coverall,391,275,881,720
Demonstration of Donning (Putting On) Personal Protective Equipment (PPE) 203.jpg,1280,720,Face_Shield,537,95,720,251
Demonstration of Donning (Putting On) Personal Protective Equipment (PPE) 203.jpg,1280,720,Mask,594,146,687,253
Demonstration of Donning (Putting On) Personal Protective Equipment (PPE) 103.jpg,1280,720,Coverall,374,299,836,720
Demonstration of Donning (Putting On) Personal Protective Equipment (PPE) 011.jpg,1280,720,Coverall,502,178,736,578
Demonstration of Donning (Putting On) Personal Protective Equipment (PPE) 011.jpg,1280,720,Gloves,702,408,740,492
Demonstration of Donning (Putting On) Personal Protective Equipment (PPE) 011.jpg,1280,720,Gloves,488,412,532,501
Demonstration of Donning (Putting On) Personal Protective Equipment (PPE) 011.jpg,1280,720,Face_Shield,587,95,670,181
Demonstration of Donning (Putting On) Personal Protective Equipment (PPE) 011.jpg,1280,720,Mask,611,131,657,178
How to properly wear personal protective equipment for airborne contaminants 350.jpg,1280,720,Coverall,649,33,903,686
How to properly wear personal protective equipment for airborne contaminants 350.jpg,1280,720,Gloves,719,121,805,166
How to properly wear personal protective equipment for airborne contaminants 350.jpg,1280,720,Mask,739,73,789,111
How to properly wear personal protective equipment for airborne contaminants 281.jpg,1280,720,Mask,742,125,789,187
How to properly wear personal protective equipment for airborne contaminants 281.jpg,1280,720,Coverall,674,139,853,696
ghs.jpeg,500,300,Gloves,136,213,197,292
ghs.jpeg,500,300,Gloves,197,224,264,293
ghs.jpeg,500,300,Mask,232,70,297,127
ghs.jpeg,500,300,Face_Shield,212,20,317,112
ghs.jpeg,500,300,Coverall,79,5,391,300
frame05151.jpg,1920,1088,Goggles,812,303,1128,512
frame05151.jpg,1920,1088,Mask,829,414,1080,636
frame05151.jpg,1920,1088,Gloves,598,317,883,604
frame05151.jpg,1920,1088,Gloves,1070,314,1315,608
frame05151.jpg,1920,1088,Coverall,296,549,1660,1088
jyjjsrjs.jpg,500,379,Goggles,135,109,166,129
jyjjsrjs.jpg,500,379,Mask,133,122,157,150
jyjjsrjs.jpg,500,379,Goggles,331,51,381,78
jyjjsrjs.jpg,500,379,Mask,337,68,370,89
jyjjsrjs.jpg,500,379,Gloves,128,251,176,286
jyjjsrjs.jpg,500,379,Gloves,168,243,203,279
jyjjsrjs.jpg,500,379,Gloves,304,193,360,225
jyjjsrjs.jpg,500,379,Gloves,401,183,428,207
jyjjsrjs.jpg,500,379,Coverall,36,68,174,378
jyjjsrjs.jpg,500,379,Coverall,234,9,422,378
Using Personal Protection Equipment (PPE) 156.jpg,1280,720,Mask,691,131,824,229
frame06241.jpg,1920,1088,Gloves,750,521,846,701
frame06241.jpg,1920,1088,Gloves,1124,546,1219,703
frame06241.jpg,1920,1088,Mask,939,249,1071,386
frame06241.jpg,1920,1088,Goggles,919,210,1085,298
frame06241.jpg,1920,1088,Coverall,697,109,1343,1083
mb.jpg,640,427,Coverall,416,94,522,362
mb.jpg,640,427,Coverall,296,95,402,297
mb.jpg,640,427,Coverall,72,129,223,424
mb.jpg,640,427,Gloves,222,293,241,324
mb.jpg,640,427,Gloves,456,302,475,338
mb.jpg,640,427,Gloves,270,109,298,126
mb.jpg,640,427,Gloves,261,112,290,131
mb.jpg,640,427,Goggles,342,110,363,123
Using Personal Protection Equipment (PPE) 062.jpg,1280,720,Coverall,611,196,874,711
Demonstration of Donning (Putting On) Personal Protective Equipment (PPE) 202.jpg,1280,720,Coverall,375,270,922,720
Demonstration of Donning (Putting On) Personal Protective Equipment (PPE) 202.jpg,1280,720,Face_Shield,583,134,748,301
Demonstration of Donning (Putting On) Personal Protective Equipment (PPE) 202.jpg,1280,720,Mask,619,209,723,285
frame06531.jpg,1920,1088,Gloves,438,464,511,576
frame06531.jpg,1920,1088,Gloves,729,467,787,577
frame06531.jpg,1920,1088,Gloves,871,431,939,549
frame06531.jpg,1920,1088,Gloves,1174,451,1253,563
frame06531.jpg,1920,1088,Mask,583,342,652,421
frame06531.jpg,1920,1088,Mask,1021,233,1112,323
frame06531.jpg,1920,1088,Goggles,1014,204,1123,264
frame06531.jpg,1920,1088,Coverall,855,128,1303,1081
frame06531.jpg,1920,1088,Coverall,392,244,844,1083
Demonstration of Donning (Putting On) Personal Protective Equipment (PPE) 213.jpg,1280,720,Coverall,398,238,806,711
Demonstration of Donning (Putting On) Personal Protective Equipment (PPE) 213.jpg,1280,720,Gloves,578,526,729,601
Demonstration of Donning (Putting On) Personal Protective Equipment (PPE) 213.jpg,1280,720,Face_Shield,500,147,657,295
Demonstration of Donning (Putting On) Personal Protective Equipment (PPE) 213.jpg,1280,720,Mask,539,222,614,285
frame04661.jpg,1920,1088,Mask,820,324,1046,549
frame04661.jpg,1920,1088,Gloves,584,481,776,760
frame04661.jpg,1920,1088,Gloves,1083,464,1252,742
frame04661.jpg,1920,1088,Coverall,297,550,1559,1083
frame05201.jpg,1920,1088,Gloves,505,740,678,1042
frame05201.jpg,1920,1088,Gloves,1185,781,1356,1080
frame05201.jpg,1920,1088,Mask,839,364,1091,613
frame05201.jpg,1920,1088,Goggles,815,259,1132,455
frame05201.jpg,1920,1088,Coverall,402,601,1564,1086
fshjs.jpeg,201,500,Mask,80,47,116,78
fshjs.jpeg,201,500,Coverall,1,1,182,498
snap07291.jpg,1920,1088,Gloves,759,568,823,686
snap07291.jpg,1920,1088,Gloves,1007,555,1059,681
snap07291.jpg,1920,1088,Mask,867,148,928,221
snap07291.jpg,1920,1088,Face_Shield,839,104,946,237
snap07291.jpg,1920,1088,Coverall,748,58,1065,954
b.jpg,1200,800,Goggles,516,439,679,532
b.jpg,1200,800,Goggles,887,234,1036,323
b.jpg,1200,800,Goggles,589,194,731,288
b.jpg,1200,800,Goggles,363,270,472,369
b.jpg,1200,800,Mask,530,502,646,617
b.jpg,1200,800,Mask,911,293,1010,352
b.jpg,1200,800,Mask,589,248,701,340
b.jpg,1200,800,Mask,401,357,459,412
b.jpg,1200,800,Coverall,5,163,462,670
b.jpg,1200,800,Coverall,356,359,716,666
b.jpg,1200,800,Coverall,376,111,863,571
b.jpg,1200,800,Coverall,828,106,1199,561
frame04701.jpg,1920,1088,Gloves,638,708,784,930
frame04701.jpg,1920,1088,Gloves,1074,733,1215,953
frame04701.jpg,1920,1088,Mask,839,322,1030,515
frame04701.jpg,1920,1088,Coverall,467,514,1411,1085
snap07281.jpg,1920,1088,Mask,864,148,924,224
snap07281.jpg,1920,1088,Face_Shield,838,99,943,241
snap07281.jpg,1920,1088,Gloves,759,574,819,691
snap07281.jpg,1920,1088,Gloves,1002,559,1053,682
snap07281.jpg,1920,1088,Coverall,743,57,1065,953
eryyi.jpg,920,613,Mask,349,240,535,455
eryyi.jpg,920,613,Goggles,284,159,595,312
eryyi.jpg,920,613,Coverall,34,8,741,612
frame05651.jpg,1920,1088,Goggles,1153,301,1289,369
frame05651.jpg,1920,1088,Mask,1133,327,1235,403
frame05651.jpg,1920,1088,Gloves,1425,733,1584,869
frame05651.jpg,1920,1088,Gloves,1297,713,1432,824
frame05651.jpg,1920,1088,Coverall,838,108,1357,1086
How to properly wear personal protective equipment for airborne contaminants 315.jpg,1280,720,Goggles,626,192,1205,434
How to properly wear personal protective equipment for airborne contaminants 315.jpg,1280,720,Mask,829,314,1280,712
Using Personal Protection Equipment (PPE) 031 - Copy.jpg,1280,720,Coverall,618,226,965,720
jut.jpg,1300,1065,Mask,161,561,1044,975
jut.jpg,1300,1065,Goggles,1,13,1297,793
dsz.jpg,660,371,Mask,239,99,316,159
dsz.jpg,660,371,Face_Shield,219,37,350,188
dsz.jpg,660,371,Gloves,423,308,514,361
dsz.jpg,660,371,Coverall,136,7,425,370
snap00861.jpg,1920,1088,Gloves,841,541,906,665
snap00861.jpg,1920,1088,Gloves,1056,533,1119,657
snap00861.jpg,1920,1088,Face_Shield,915,74,1011,150
snap00861.jpg,1920,1088,Coverall,814,33,1134,1013
gthy.jpg,660,450,Gloves,445,289,494,364
gthy.jpg,660,450,Gloves,418,193,528,294
gthy.jpg,660,450,Face_Shield,287,92,397,232
gthy.jpg,660,450,Coverall,131,9,434,449
frame05271.jpg,1920,1088,Mask,870,369,1101,591
frame05271.jpg,1920,1088,Goggles,843,268,1137,449
frame05271.jpg,1920,1088,Gloves,629,109,828,339
frame05271.jpg,1920,1088,Gloves,1100,60,1297,264
frame05271.jpg,1920,1088,Coverall,267,96,1719,1086
Demonstration of Donning (Putting On) Personal Protective Equipment (PPE) 199.jpg,1280,720,Coverall,307,212,961,720
Demonstration of Donning (Putting On) Personal Protective Equipment (PPE) 199.jpg,1280,720,Face_Shield,515,191,732,361
Demonstration of Donning (Putting On) Personal Protective Equipment (PPE) 199.jpg,1280,720,Mask,575,295,689,356
snap07271.jpg,1920,1088,Mask,919,359,1125,627
snap07271.jpg,1920,1088,Face_Shield,821,219,1191,672
snap07271.jpg,1920,1088,Gloves,591,112,1001,339
snap07271.jpg,1920,1088,Gloves,1066,114,1466,346
snap07271.jpg,1920,1088,Coverall,156,62,1857,954
snap00921.jpg,1920,1088,Gloves,807,535,879,664
snap00921.jpg,1920,1088,Gloves,1079,522,1143,649
snap00921.jpg,1920,1088,Face_Shield,910,81,1014,148
snap00921.jpg,1920,1088,Coverall,809,31,1144,1004
frame06301.jpg,1920,1088,Gloves,766,508,860,660
frame06301.jpg,1920,1088,Gloves,1111,540,1201,673
frame06301.jpg,1920,1088,Goggles,921,222,1074,305
frame06301.jpg,1920,1088,Mask,937,262,1057,378
frame06301.jpg,1920,1088,Coverall,716,124,1314,1086
frame05111.jpg,1920,1088,Goggles,839,315,1155,519
frame05111.jpg,1920,1088,Mask,859,428,1101,641
frame05111.jpg,1920,1088,Gloves,626,313,917,605
frame05111.jpg,1920,1088,Gloves,1067,326,1315,615
frame05111.jpg,1920,1088,Coverall,306,533,1680,1085
Using Personal Protection Equipment (PPE) 057.jpg,1280,720,Face_Shield,572,244,907,524
Using Personal Protection Equipment (PPE) 057.jpg,1280,720,Mask,635,335,865,529
Using Personal Protection Equipment (PPE) 057.jpg,1280,720,Coverall,165,370,1261,720
Using Personal Protection Equipment (PPE) 018 - Copy.jpg,1280,720,Coverall,446,48,1045,539
snap00941.jpg,1920,1088,Gloves,815,541,876,655
snap00941.jpg,1920,1088,Gloves,1089,522,1141,644
snap00941.jpg,1920,1088,Face_Shield,924,77,1015,149
snap00941.jpg,1920,1088,Coverall,806,32,1142,1012
Demonstration of Donning (Putting On) Personal Protective Equipment (PPE) 078 - Copy - Copy.jpg,1280,720,Coverall,796,170,1142,712
Demonstration of Donning (Putting On) Personal Protective Equipment (PPE) 078 - Copy - Copy.jpg,1280,720,Goggles,233,499,336,569
Demonstration of Donning (Putting On) Personal Protective Equipment (PPE) 078 - Copy - Copy.jpg,1280,720,Face_Shield,58,552,244,598
Demonstration of Donning (Putting On) Personal Protective Equipment (PPE) 078 - Copy - Copy.jpg,1280,720,Mask,67,614,200,638
fse.jpg,1200,900,Mask,443,345,543,416
fse.jpg,1200,900,Mask,821,183,933,285
fse.jpg,1200,900,Face_Shield,417,265,586,446
fse.jpg,1200,900,Face_Shield,790,108,977,320
fse.jpg,1200,900,Gloves,377,853,434,899
fse.jpg,1200,900,Gloves,701,850,782,899
fse.jpg,1200,900,Gloves,807,776,874,885
fse.jpg,1200,900,Coverall,354,243,775,896
fse.jpg,1200,900,Coverall,723,88,1197,899
Demonstration of Donning (Putting On) Personal Protective Equipment (PPE) 201.jpg,1280,720,Coverall,370,199,925,720
Demonstration of Donning (Putting On) Personal Protective Equipment (PPE) 201.jpg,1280,720,Face_Shield,578,204,746,340
Demonstration of Donning (Putting On) Personal Protective Equipment (PPE) 201.jpg,1280,720,Mask,610,273,705,338
ji7i.png,0,0,Goggles,87,52,289,159
ji7i.png,0,0,Mask,94,141,282,251
rhyj.jpg,1280,720,Mask,727,312,999,545
rhyj.jpg,1280,720,Face_Shield,620,22,1140,603
rhyj.jpg,1280,720,Face_Shield,463,4,599,396
rhyj.jpg,1280,720,Coverall,627,6,1278,714
rhyj.jpg,1280,720,Coverall,3,6,863,709
How to properly wear personal protective equipment for airborne contaminants 361.jpg,1280,720,Coverall,548,16,1024,720
How to properly wear personal protective equipment for airborne contaminants 361.jpg,1280,720,Gloves,728,424,857,586
Demonstration of Donning (Putting On) Personal Protective Equipment (PPE) 222.jpg,1280,720,Coverall,459,222,864,720
Demonstration of Donning (Putting On) Personal Protective Equipment (PPE) 222.jpg,1280,720,Gloves,623,324,702,440
Demonstration of Donning (Putting On) Personal Protective Equipment (PPE) 222.jpg,1280,720,Gloves,662,396,787,461
Demonstration of Donning (Putting On) Personal Protective Equipment (PPE) 222.jpg,1280,720,Face_Shield,571,130,732,272
Demonstration of Donning (Putting On) Personal Protective Equipment (PPE) 222.jpg,1280,720,Mask,609,179,709,253
frame05261.jpg,1920,1088,Goggles,823,357,1128,542
frame05261.jpg,1920,1088,Gloves,619,149,805,376
frame05261.jpg,1920,1088,Gloves,1102,110,1314,321
frame05261.jpg,1920,1088,Mask,853,468,1091,642
frame05261.jpg,1920,1088,Coverall,191,177,1775,1088
frame05301.jpg,1920,1088,Goggles,884,336,1141,439
frame05301.jpg,1920,1088,Mask,909,364,1117,569
frame05301.jpg,1920,1088,Gloves,702,321,889,563
frame05301.jpg,1920,1088,Gloves,1123,312,1334,527
frame05301.jpg,1920,1088,Coverall,416,110,1625,1083
Demonstration of Donning (Putting On) Personal Protective Equipment (PPE) 211.jpg,1280,720,Gloves,42,279,487,478
Demonstration of Donning (Putting On) Personal Protective Equipment (PPE) 211.jpg,1280,720,Coverall,553,52,1280,686
mk.jpg,1200,800,Face_Shield,549,143,713,352
mk.jpg,1200,800,Goggles,572,201,636,252
mk.jpg,1200,800,Mask,582,242,693,338
mk.jpg,1200,800,Gloves,402,466,518,559
mk.jpg,1200,800,Gloves,470,611,555,714
mk.jpg,1200,800,Coverall,524,1,1052,792
How to properly wear personal protective equipment for airborne contaminants 356.jpg,1280,720,Mask,714,392,962,633
How to properly wear personal protective equipment for airborne contaminants 356.jpg,1280,720,Goggles,668,294,1040,427
How to properly wear personal protective equipment for airborne contaminants 356.jpg,1280,720,Coverall,384,55,1280,720
jfe.jpg,2040,1534,Mask,873,237,1071,392
jfe.jpg,2040,1534,Face_Shield,797,96,1122,439
jfe.jpg,2040,1534,Gloves,556,1210,709,1478
jfe.jpg,2040,1534,Gloves,1350,1268,1479,1515
jfe.jpg,2040,1534,Coverall,442,27,1497,1533
Using Personal Protection Equipment (PPE) 050.jpg,1280,720,Mask,579,346,878,527
Using Personal Protection Equipment (PPE) 050.jpg,1280,720,Coverall,367,498,1209,720
snap08351.jpg,1920,1088,Mask,969,165,1065,291
snap08351.jpg,1920,1088,Gloves,898,274,1016,374
snap08351.jpg,1920,1088,Gloves,1235,873,1320,953
snap08351.jpg,1920,1088,Face_Shield,933,96,1110,283
snap08351.jpg,1920,1088,Coverall,716,53,1342,954
frame06291.jpg,1920,1088,Gloves,747,519,846,681
frame06291.jpg,1920,1088,Gloves,1116,546,1209,690
frame06291.jpg,1920,1088,Goggles,914,219,1074,303
frame06291.jpg,1920,1088,Mask,930,258,1062,385
frame06291.jpg,1920,1088,Coverall,696,117,1328,1086
jruk.png,300,370,Mask,104,90,176,163
jruk.png,300,370,Goggles,84,43,188,106
jruk.png,300,370,Face_Shield,74,20,210,152
jruk.png,300,370,Coverall,1,8,285,368
How to properly wear personal protective equipment for airborne contaminants 179.jpg,1280,720,Coverall,614,236,970,720
mkh.jpg,1200,800,Goggles,722,327,831,370
mkh.jpg,1200,800,Goggles,396,79,497,122
mkh.jpg,1200,800,Gloves,269,266,383,386
mkh.jpg,1200,800,Gloves,350,412,433,478
mkh.jpg,1200,800,Gloves,615,668,689,745
mkh.jpg,1200,800,Gloves,686,728,755,796
mkh.jpg,1200,800,Mask,736,346,828,446
mkh.jpg,1200,800,Mask,431,104,507,156
mkh.jpg,1200,800,Coverall,364,2,737,477
mkh.jpg,1200,800,Coverall,539,228,1058,793
frame05451.jpg,1920,1088,Gloves,1435,880,1579,1007
frame05451.jpg,1920,1088,Gloves,939,859,1073,980
frame05451.jpg,1920,1088,Goggles,1203,346,1321,399
frame05451.jpg,1920,1088,Mask,1178,367,1275,436
frame05451.jpg,1920,1088,Coverall,798,174,1494,1086
frame06251.jpg,1920,1088,Gloves,741,524,843,701
frame06251.jpg,1920,1088,Gloves,1123,553,1216,704
frame06251.jpg,1920,1088,Goggles,912,214,1078,301
frame06251.jpg,1920,1088,Mask,930,254,1064,382
frame06251.jpg,1920,1088,Coverall,691,110,1342,1082
frame05331.jpg,1920,1088,Mask,900,362,1103,559
frame05331.jpg,1920,1088,Gloves,805,553,1032,789
frame05331.jpg,1920,1088,Gloves,1017,533,1233,773
frame05331.jpg,1920,1088,Goggles,882,317,1134,432
frame05331.jpg,1920,1088,Coverall,462,118,1511,1082
ffyj.jpg,760,507,Goggles,170,177,246,232
ffyj.jpg,760,507,Goggles,345,170,435,220
ffyj.jpg,760,507,Goggles,591,173,643,209
ffyj.jpg,760,507,Mask,136,222,234,334
ffyj.jpg,760,507,Mask,344,213,425,283
ffyj.jpg,760,507,Mask,564,203,611,246
ffyj.jpg,760,507,Face_Shield,111,123,280,355
ffyj.jpg,760,507,Face_Shield,325,143,463,285
ffyj.jpg,760,507,Face_Shield,563,148,647,271
ffyj.jpg,760,507,Gloves,442,245,550,336
ffyj.jpg,760,507,Gloves,613,251,678,320
ffyj.jpg,760,507,Gloves,649,295,693,355
ffyj.jpg,760,507,Coverall,1,65,244,506
ffyj.jpg,760,507,Coverall,245,139,502,505
ffyj.jpg,760,507,Coverall,464,126,649,503
frame06311.jpg,1920,1088,Gloves,780,500,878,641
frame06311.jpg,1920,1088,Gloves,1109,532,1194,662
frame06311.jpg,1920,1088,Goggles,941,227,1087,305
frame06311.jpg,1920,1088,Mask,961,265,1076,376
frame06311.jpg,1920,1088,Coverall,776,133,1329,1086
jhvh.jpg,878,494,Mask,293,109,410,233
jhvh.jpg,878,494,Face_Shield,262,27,469,255
jhvh.jpg,878,494,Coverall,163,231,656,491
Using Personal Protection Equipment (PPE) 085.jpg,1280,720,Coverall,565,186,830,720
Using Personal Protection Equipment (PPE) 085.jpg,1280,720,Gloves,718,122,787,238
Using Personal Protection Equipment (PPE) 085.jpg,1280,720,Face_Shield,644,114,731,208
Using Personal Protection Equipment (PPE) 085.jpg,1280,720,Mask,648,144,727,195
How to properly wear personal protective equipment for airborne contaminants 181.jpg,1280,720,Coverall,581,220,979,720
frame05321.jpg,1920,1088,Mask,907,363,1112,558
frame05321.jpg,1920,1088,Goggles,888,322,1141,431
frame05321.jpg,1920,1088,Gloves,764,508,979,742
frame05321.jpg,1920,1088,Gloves,1025,540,1259,754
frame05321.jpg,1920,1088,Coverall,470,117,1523,1085
snap08861.jpg,1920,1088,Mask,976,236,1076,359
snap08861.jpg,1920,1088,Face_Shield,923,173,1116,376
snap08861.jpg,1920,1088,Coverall,726,342,1353,951
frs.jpg,750,563,Goggles,146,181,207,240
frs.jpg,750,563,Mask,147,225,197,308
frs.jpg,750,563,Mask,470,276,532,315
frs.jpg,750,563,Gloves,279,507,370,557
frs.jpg,750,563,Gloves,376,219,467,297
frs.jpg,750,563,Coverall,1,104,403,559
jfd.jpg,715,484,Gloves,171,261,197,306
jfd.jpg,715,484,Gloves,28,143,56,174
jfd.jpg,715,484,Gloves,486,241,511,277
jfd.jpg,715,484,Gloves,363,269,380,298
jfd.jpg,715,484,Gloves,277,222,297,249
jfd.jpg,715,484,Mask,86,84,119,113
jfd.jpg,715,484,Mask,330,95,354,119
jfd.jpg,715,484,Mask,411,110,436,133
jfd.jpg,715,484,Goggles,406,99,437,112
jfd.jpg,715,484,Coverall,16,46,201,452
jfd.jpg,715,484,Coverall,363,72,517,442
How to properly wear personal protective equipment for airborne contaminants 219.jpg,1280,720,Mask,294,179,575,553
Demonstration of Donning (Putting On) Personal Protective Equipment (PPE) 126.jpg,1280,720,Coverall,489,408,1183,720
Demonstration of Donning (Putting On) Personal Protective Equipment (PPE) 126.jpg,1280,720,Mask,571,309,711,459
Using Personal Protection Equipment (PPE) 101.jpg,1280,720,Coverall,484,213,770,720
Using Personal Protection Equipment (PPE) 101.jpg,1280,720,Gloves,378,238,532,378
Using Personal Protection Equipment (PPE) 101.jpg,1280,720,Face_Shield,563,121,694,238
Using Personal Protection Equipment (PPE) 101.jpg,1280,720,Mask,600,159,692,226
Demonstration of Donning (Putting On) Personal Protective Equipment (PPE) 216.jpg,1280,720,Coverall,471,226,833,720
Demonstration of Donning (Putting On) Personal Protective Equipment (PPE) 216.jpg,1280,720,Gloves,637,461,762,599
Demonstration of Donning (Putting On) Personal Protective Equipment (PPE) 216.jpg,1280,720,Face_Shield,593,122,742,262
Demonstration of Donning (Putting On) Personal Protective Equipment (PPE) 216.jpg,1280,720,Mask,626,190,698,259
Using Personal Protection Equipment (PPE) 154.jpg,1280,720,Mask,711,116,820,225
ga.jpg,594,1280,Mask,284,329,323,388
ga.jpg,594,1280,Face_Shield,241,271,351,402
ga.jpg,594,1280,Coverall,116,248,469,1094
How to properly wear personal protective equipment for airborne contaminants 208.jpg,1280,720,Mask,311,96,992,494
snap00891.jpg,1920,1088,Gloves,694,512,788,631
snap00891.jpg,1920,1088,Gloves,1176,491,1273,600
snap00891.jpg,1920,1088,Face_Shield,916,78,1019,154
snap00891.jpg,1920,1088,Coverall,752,30,1205,1009
dfg.jpg,410,230,Goggles,143,81,282,158
dfg.jpg,410,230,Mask,146,114,264,222
dfg.jpg,410,230,Face_Shield,117,50,289,219
Demonstration of Donning (Putting On) Personal Protective Equipment (PPE) 119.jpg,1280,720,Coverall,416,105,1098,720
Demonstration of Donning (Putting On) Personal Protective Equipment (PPE) 119.jpg,1280,720,Mask,529,368,688,533
frame05281.jpg,1920,1088,Goggles,869,240,1147,404
frame05281.jpg,1920,1088,Mask,891,319,1109,549
frame05281.jpg,1920,1088,Gloves,655,157,850,394
frame05281.jpg,1920,1088,Gloves,1147,153,1350,346
frame05281.jpg,1920,1088,Coverall,320,80,1711,1087
snap07321.jpg,1920,1088,Gloves,762,565,825,681
snap07321.jpg,1920,1088,Gloves,982,551,1038,673
snap07321.jpg,1920,1088,Mask,861,153,920,228
snap07321.jpg,1920,1088,Face_Shield,832,107,941,240
snap07321.jpg,1920,1088,Coverall,737,59,1052,950
hus.jpg,1200,630,Mask,570,136,647,228
hus.jpg,1200,630,Face_Shield,539,65,707,215
hus.jpg,1200,630,Coverall,367,40,785,625
fsaz.jpg,1279,871,Goggles,19,196,103,246
fsaz.jpg,1279,871,Mask,29,219,84,269
fsaz.jpg,1279,871,Face_Shield,2,154,110,330
fsaz.jpg,1279,871,Gloves,2,466,78,519
fsaz.jpg,1279,871,Gloves,147,506,188,585
fsaz.jpg,1279,871,Coverall,1,147,188,871
fsaz.jpg,1279,871,Goggles,256,191,328,219
fsaz.jpg,1279,871,Mask,268,221,311,260
fsaz.jpg,1279,871,Face_Shield,230,143,344,289
fsaz.jpg,1279,871,Gloves,213,363,275,422
fsaz.jpg,1279,871,Gloves,342,357,403,415
fsaz.jpg,1279,871,Coverall,170,147,435,860
fsaz.jpg,1279,871,Goggles,479,176,534,199
fsaz.jpg,1279,871,Mask,489,193,530,219
fsaz.jpg,1279,871,Face_Shield,454,137,566,276
fsaz.jpg,1279,871,Gloves,444,413,495,472
fsaz.jpg,1279,871,Gloves,556,399,609,462
fsaz.jpg,1279,871,Coverall,413,138,648,836
fsaz.jpg,1279,871,Goggles,689,195,754,223
fsaz.jpg,1279,871,Mask,696,215,747,247
fsaz.jpg,1279,871,Face_Shield,680,168,773,291
fsaz.jpg,1279,871,Gloves,660,394,708,456
fsaz.jpg,1279,871,Gloves,754,396,796,456
fsaz.jpg,1279,871,Gloves,787,303,826,370
fsaz.jpg,1279,871,Gloves,989,298,1023,369
fsaz.jpg,1279,871,Gloves,1006,385,1046,470
fsaz.jpg,1279,871,Gloves,1225,393,1271,484
fsaz.jpg,1279,871,Coverall,629,149,827,818
fsaz.jpg,1279,871,Coverall,791,176,1025,862
fsaz.jpg,1279,871,Coverall,1006,218,1277,871
fsaz.jpg,1279,871,Goggles,894,218,963,239
fsaz.jpg,1279,871,Mask,906,228,953,274
fsaz.jpg,1279,871,Face_Shield,878,172,980,312
fsaz.jpg,1279,871,Goggles,1113,263,1200,295
fsaz.jpg,1279,871,Mask,1128,272,1178,322
fsaz.jpg,1279,871,Face_Shield,1083,212,1219,390
fsaz.jpg,1279,871,Coverall,1033,224,1278,871
hye.png,340,736,Goggles,153,115,199,140
hye.png,340,736,Mask,148,138,189,179
hye.png,340,736,Face_Shield,134,99,207,194
hye.png,340,736,Gloves,83,385,128,442
hye.png,340,736,Gloves,219,369,252,422
hye.png,340,736,Coverall,62,85,255,584
Demonstration of Donning (Putting On) Personal Protective Equipment (PPE) 080 - Copy.jpg,1280,720,Coverall,732,149,1080,692
Demonstration of Donning (Putting On) Personal Protective Equipment (PPE) 080 - Copy.jpg,1280,720,Goggles,233,505,331,561
Demonstration of Donning (Putting On) Personal Protective Equipment (PPE) 080 - Copy.jpg,1280,720,Face_Shield,58,549,248,600
Demonstration of Donning (Putting On) Personal Protective Equipment (PPE) 080 - Copy.jpg,1280,720,Mask,239,577,302,634
snap03031.jpg,1920,1088,Gloves,861,380,953,437
snap03031.jpg,1920,1088,Gloves,969,401,1037,463
snap03031.jpg,1920,1088,Coverall,787,254,1115,1028
snap08831.jpg,1920,1088,Mask,979,242,1074,363
snap08831.jpg,1920,1088,Face_Shield,926,174,1123,383
snap08831.jpg,1920,1088,Coverall,729,372,1347,957
How to properly wear personal protective equipment for airborne contaminants 357.jpg,1280,720,Coverall,762,73,1239,720
How to properly wear personal protective equipment for airborne contaminants 357.jpg,1280,720,Gloves,949,194,1094,329
How to properly wear personal protective equipment for airborne contaminants 357.jpg,1280,720,Gloves,827,491,933,598
How to properly wear personal protective equipment for airborne contaminants 357.jpg,1280,720,Mask,857,46,993,103
snap00931.jpg,1920,1088,Face_Shield,914,80,1015,155
snap00931.jpg,1920,1088,Gloves,820,542,883,660
snap00931.jpg,1920,1088,Gloves,1083,523,1137,639
snap00931.jpg,1920,1088,Coverall,809,28,1144,1015
gdjes.png,488,500,Coverall,14,60,179,426
gdjes.png,488,500,Gloves,245,246,339,347
gdjes.png,488,500,Mask,140,75,270,193
gdjes.png,488,500,Gloves,270,143,366,246
gdjes.png,488,500,Goggles,261,57,391,136
snap00911.jpg,1920,1088,Gloves,732,517,796,635
snap00911.jpg,1920,1088,Gloves,1171,498,1239,607
snap00911.jpg,1920,1088,Face_Shield,915,80,1011,150
snap00911.jpg,1920,1088,Coverall,762,33,1203,1014
How to properly wear personal protective equipment for airborne contaminants 226.jpg,1280,720,Mask,289,304,422,421
How to properly wear personal protective equipment for airborne contaminants 226.jpg,1280,720,Coverall,33,404,745,720
Using Personal Protection Equipment (PPE) 083.jpg,1280,720,Coverall,546,183,850,720
Using Personal Protection Equipment (PPE) 083.jpg,1280,720,Gloves,737,253,829,333
Using Personal Protection Equipment (PPE) 083.jpg,1280,720,Face_Shield,641,118,750,205
Using Personal Protection Equipment (PPE) 083.jpg,1280,720,Mask,663,151,733,204
How to properly wear personal protective equipment for airborne contaminants 285.jpg,1280,720,Coverall,576,117,831,670
How to properly wear personal protective equipment for airborne contaminants 285.jpg,1280,720,Mask,688,120,733,168
gff.jpg,1080,608,Goggles,91,118,152,144
gff.jpg,1080,608,Mask,81,140,164,197
gff.jpg,1080,608,Gloves,6,480,61,549
gff.jpg,1080,608,Gloves,197,445,236,516
gff.jpg,1080,608,Gloves,360,519,422,579
gff.jpg,1080,608,Gloves,556,481,609,561
gff.jpg,1080,608,Gloves,776,448,818,541
gff.jpg,1080,608,Gloves,835,458,891,542
gff.jpg,1080,608,Gloves,1043,458,1078,539
gff.jpg,1080,608,Goggles,470,122,523,144
gff.jpg,1080,608,Mask,463,145,524,202
gff.jpg,1080,608,Mask,685,147,733,198
gff.jpg,1080,608,Mask,986,55,1034,124
gff.jpg,1080,608,Mask,760,136,777,154
gff.jpg,1080,608,Mask,242,117,277,141
gff.jpg,1080,608,Coverall,1,75,247,605
gff.jpg,1080,608,Coverall,311,75,547,605
gff.jpg,1080,608,Coverall,529,60,819,607
gff.jpg,1080,608,Coverall,822,1,1077,605
snap08881.jpg,1920,1088,Mask,971,242,1070,359
snap08881.jpg,1920,1088,Face_Shield,928,174,1112,374
snap08881.jpg,1920,1088,Coverall,738,354,1344,950
snap08681.jpg,1920,1088,Mask,973,233,1126,421
snap08681.jpg,1920,1088,Face_Shield,898,130,1176,436
snap08681.jpg,1920,1088,Coverall,650,28,1526,954
jkur.jpg,800,507,Mask,446,128,530,209
jkur.jpg,800,507,Face_Shield,414,65,579,220
jkur.jpg,800,507,Gloves,324,368,391,407
jkur.jpg,800,507,Gloves,483,393,588,463
jkur.jpg,800,507,Coverall,276,50,689,502
frame06171.jpg,1920,1088,Mask,919,269,1042,391
frame06171.jpg,1920,1088,Goggles,891,226,1050,312
frame06171.jpg,1920,1088,Gloves,764,528,1001,713
frame06171.jpg,1920,1088,Gloves,805,549,897,728
frame06171.jpg,1920,1088,Coverall,724,112,1292,1085
How to properly wear personal protective equipment for airborne contaminants 334.jpg,1280,720,Coverall,746,53,944,648
How to properly wear personal protective equipment for airborne contaminants 334.jpg,1280,720,Gloves,810,86,849,148
How to properly wear personal protective equipment for airborne contaminants 334.jpg,1280,720,Mask,784,107,818,139
frame05191.jpg,1920,1088,Goggles,805,260,1129,458
frame05191.jpg,1920,1088,Mask,834,368,1087,613
frame05191.jpg,1920,1088,Gloves,512,733,689,1035
frame05191.jpg,1920,1088,Gloves,1164,778,1337,1080
frame05191.jpg,1920,1088,Coverall,392,595,1569,1087
Using Personal Protection Equipment (PPE) 049.jpg,1280,720,Mask,581,362,872,543
Using Personal Protection Equipment (PPE) 049.jpg,1280,720,Coverall,344,435,1202,720
How to properly wear personal protective equipment for airborne contaminants 227.jpg,1280,720,Mask,911,361,1280,696
Using Personal Protection Equipment (PPE) 099.jpg,1280,720,Coverall,496,224,761,720
Using Personal Protection Equipment (PPE) 099.jpg,1280,720,Gloves,415,278,566,395
Using Personal Protection Equipment (PPE) 099.jpg,1280,720,Face_Shield,566,111,688,240
Using Personal Protection Equipment (PPE) 099.jpg,1280,720,Mask,576,153,676,230
nhjd.jpg,629,401,Mask,77,119,150,190
nhjd.jpg,629,401,Mask,286,113,344,198
nhjd.jpg,629,401,Gloves,46,293,93,340
nhjd.jpg,629,401,Gloves,43,198,111,281
nhjd.jpg,629,401,Gloves,219,351,323,400
nhjd.jpg,629,401,Face_Shield,49,38,183,204
nhjd.jpg,629,401,Face_Shield,250,30,358,213
nhjd.jpg,629,401,Coverall,19,21,267,398
nhjd.jpg,629,401,Coverall,267,1,574,398
jyf.jpg,750,500,Mask,263,220,475,454
jyf.jpg,750,500,Coverall,203,20,539,496
Using Personal Protection Equipment (PPE) 024 - Copy.jpg,1280,720,Coverall,333,101,964,720
How to properly wear personal protective equipment for airborne contaminants 322.jpg,1280,720,Coverall,589,120,923,679
How to properly wear personal protective equipment for airborne contaminants 322.jpg,1280,720,Gloves,524,108,572,156
How to properly wear personal protective equipment for airborne contaminants 322.jpg,1280,720,Mask,732,87,784,155
How to properly wear personal protective equipment for airborne contaminants 322.jpg,1280,720,Goggles,715,70,775,101
Using Personal Protection Equipment (PPE) 129.jpg,1280,720,Coverall,428,151,893,720
Using Personal Protection Equipment (PPE) 129.jpg,1280,720,Mask,627,170,740,235
Demonstration of Donning (Putting On) Personal Protective Equipment (PPE) 085.jpg,1280,720,Coverall,789,168,1007,685
Demonstration of Donning (Putting On) Personal Protective Equipment (PPE) 085.jpg,1280,720,Goggles,236,513,324,557
Demonstration of Donning (Putting On) Personal Protective Equipment (PPE) 085.jpg,1280,720,Face_Shield,68,551,236,595
Demonstration of Donning (Putting On) Personal Protective Equipment (PPE) 085.jpg,1280,720,Mask,239,585,311,634
jje.jpg,1280,720,Gloves,324,161,450,348
jje.jpg,1280,720,Gloves,815,169,943,362
jje.jpg,1280,720,Goggles,555,79,711,159
jje.jpg,1280,720,Mask,561,137,706,246
jje.jpg,1280,720,Coverall,305,268,967,716
ghd.jpg,1200,1600,Goggles,269,349,379,408
ghd.jpg,1200,1600,Goggles,528,333,640,377
ghd.jpg,1200,1600,Goggles,819,327,936,379
ghd.jpg,1200,1600,Mask,285,388,357,427
ghd.jpg,1200,1600,Mask,550,371,641,447
ghd.jpg,1200,1600,Mask,835,362,914,418
ghd.jpg,1200,1600,Face_Shield,235,299,404,472
ghd.jpg,1200,1600,Face_Shield,506,301,670,467
ghd.jpg,1200,1600,Face_Shield,787,284,977,464
ghd.jpg,1200,1600,Gloves,123,421,267,532
ghd.jpg,1200,1600,Gloves,363,489,514,569
ghd.jpg,1200,1600,Gloves,675,438,794,588
ghd.jpg,1200,1600,Coverall,106,299,424,1281
ghd.jpg,1200,1600,Coverall,414,264,752,1299
ghd.jpg,1200,1600,Coverall,648,223,1052,1455
Demonstration of Donning (Putting On) Personal Protective Equipment (PPE) 228.jpg,1280,720,Gloves,191,1,488,201
Demonstration of Donning (Putting On) Personal Protective Equipment (PPE) 228.jpg,1280,720,Gloves,381,117,589,326
Demonstration of Donning (Putting On) Personal Protective Equipment (PPE) 228.jpg,1280,720,Coverall,671,13,1276,720
How to properly wear personal protective equipment for airborne contaminants 222.jpg,1280,720,Mask,689,374,989,618
How to properly wear personal protective equipment for airborne contaminants 222.jpg,1280,720,Coverall,91,224,1280,699
snap07231.jpg,1920,1088,Mask,928,455,1133,690
snap07231.jpg,1920,1088,Face_Shield,820,307,1232,713
snap07231.jpg,1920,1088,Gloves,556,119,879,410
snap07231.jpg,1920,1088,Gloves,1197,178,1526,459
snap07231.jpg,1920,1088,Coverall,161,333,1897,948
snap07071.jpg,1920,1088,Mask,880,326,1016,485
snap07071.jpg,1920,1088,Face_Shield,821,236,1069,519
snap07071.jpg,1920,1088,Gloves,634,218,864,455
snap07071.jpg,1920,1088,Gloves,1026,224,1261,451
snap07071.jpg,1920,1088,Coverall,466,431,1442,1087
How to properly wear personal protective equipment for airborne contaminants 332.jpg,1280,720,Gloves,531,357,849,648
How to properly wear personal protective equipment for airborne contaminants 332.jpg,1280,720,Mask,784,77,1068,416
How to properly wear personal protective equipment for airborne contaminants 332.jpg,1280,720,Goggles,776,1,1107,144
How to properly wear personal protective equipment for airborne contaminants 214.jpg,1280,720,Mask,642,348,927,583
ghyju.jpg,1300,957,Goggles,607,95,856,181
ghyju.jpg,1300,957,Mask,620,168,810,317
ghyju.jpg,1300,957,Gloves,384,258,619,543
ghyju.jpg,1300,957,Gloves,756,556,1036,697
ghyju.jpg,1300,957,Coverall,185,3,1294,695
Using Personal Protection Equipment (PPE) 015 - Copy.jpg,1280,720,Coverall,696,149,971,608
Using Personal Protection Equipment (PPE) 071.jpg,1280,720,Coverall,546,194,836,720
Using Personal Protection Equipment (PPE) 071.jpg,1280,720,Gloves,783,160,829,244
Using Personal Protection Equipment (PPE) 071.jpg,1280,720,Face_Shield,650,111,741,211
Using Personal Protection Equipment (PPE) 071.jpg,1280,720,Mask,665,153,737,204
Demonstration of Donning (Putting On) Personal Protective Equipment (PPE) 013.jpg,1280,720,Coverall,483,173,746,696
Demonstration of Donning (Putting On) Personal Protective Equipment (PPE) 013.jpg,1280,720,Gloves,720,457,791,575
Demonstration of Donning (Putting On) Personal Protective Equipment (PPE) 013.jpg,1280,720,Gloves,446,464,526,573
Demonstration of Donning (Putting On) Personal Protective Equipment (PPE) 013.jpg,1280,720,Face_Shield,578,56,675,183
Demonstration of Donning (Putting On) Personal Protective Equipment (PPE) 013.jpg,1280,720,Mask,602,95,653,169
Demonstration of Donning (Putting On) Personal Protective Equipment (PPE) 131.jpg,1280,720,Coverall,422,152,1178,720
Demonstration of Donning (Putting On) Personal Protective Equipment (PPE) 131.jpg,1280,720,Mask,559,381,726,547
frame06491.jpg,1920,1088,Mask,525,336,601,414
frame06491.jpg,1920,1088,Mask,1069,218,1171,318
frame06491.jpg,1920,1088,Goggles,1046,181,1175,257
frame06491.jpg,1920,1088,Gloves,366,807,448,898
frame06491.jpg,1920,1088,Gloves,719,774,788,885
frame06491.jpg,1920,1088,Gloves,874,491,955,578
frame06491.jpg,1920,1088,Gloves,1155,503,1273,608
frame06491.jpg,1920,1088,Coverall,919,90,1432,1082
frame06491.jpg,1920,1088,Coverall,311,232,807,1085
frame04011.jpg,1920,1088,Mask,841,319,1024,535
frame04011.jpg,1920,1088,Gloves,725,357,861,677
frame04011.jpg,1920,1088,Gloves,1019,394,1191,665
frame04011.jpg,1920,1088,Coverall,393,551,1444,1083
frame05231.jpg,1920,1088,Gloves,793,374,1121,572
frame05231.jpg,1920,1088,Mask,829,492,1085,662
frame05231.jpg,1920,1088,Gloves,648,409,798,533
frame05231.jpg,1920,1088,Gloves,1112,367,1285,464
frame05231.jpg,1920,1088,Coverall,98,341,1818,1088
frame06561.jpg,1920,1088,Coverall,388,246,834,1086
frame06561.jpg,1920,1088,Coverall,852,119,1293,1082
frame06561.jpg,1920,1088,Mask,571,336,639,415
frame06561.jpg,1920,1088,Mask,1014,226,1106,314
frame06561.jpg,1920,1088,Goggles,1005,189,1120,258
frame06561.jpg,1920,1088,Gloves,441,458,511,582
frame06561.jpg,1920,1088,Gloves,721,462,779,574
frame06561.jpg,1920,1088,Gloves,870,424,942,549
frame06561.jpg,1920,1088,Gloves,1160,445,1239,557
Demonstration of Donning (Putting On) Personal Protective Equipment (PPE) 089.jpg,1280,720,Coverall,701,104,1089,711
Demonstration of Donning (Putting On) Personal Protective Equipment (PPE) 089.jpg,1280,720,Goggles,233,512,326,562
Demonstration of Donning (Putting On) Personal Protective Equipment (PPE) 089.jpg,1280,720,Face_Shield,59,555,254,599
snap08701.jpg,1920,1088,Mask,985,241,1128,422
snap08701.jpg,1920,1088,Face_Shield,912,140,1194,439
snap08701.jpg,1920,1088,Coverall,641,36,1539,951
5uhyf.jpg,1200,1200,Mask,564,322,909,648
5uhyf.jpg,1200,1200,Face_Shield,449,116,984,616
How to properly wear personal protective equipment for airborne contaminants 245.jpg,1280,720,Mask,123,290,559,717
Demonstration of Donning (Putting On) Personal Protective Equipment (PPE) 105.jpg,1280,720,Coverall,306,283,774,720
Demonstration of Donning (Putting On) Personal Protective Equipment (PPE) 105.jpg,1280,720,Mask,250,604,379,703
gdf.jpg,410,205,Mask,179,45,210,79
gdf.jpg,410,205,Goggles,173,29,212,50
gdf.jpg,410,205,Mask,109,91,133,130
gdf.jpg,410,205,Gloves,156,171,179,188
gdf.jpg,410,205,Gloves,188,180,239,203
gdf.jpg,410,205,Coverall,137,3,305,204
How to properly wear personal protective equipment for airborne contaminants 282.jpg,1280,720,Coverall,652,130,870,674
How to properly wear personal protective equipment for airborne contaminants 282.jpg,1280,720,Mask,740,131,781,173
Demonstration of Donning (Putting On) Personal Protective Equipment (PPE) 192.jpg,1280,720,Coverall,387,270,870,720
Demonstration of Donning (Putting On) Personal Protective Equipment (PPE) 192.jpg,1280,720,Mask,581,170,693,270
frame06151.jpg,1920,1088,Gloves,506,783,734,922
frame06151.jpg,1920,1088,Gloves,783,764,988,853
frame06151.jpg,1920,1088,Goggles,844,312,973,378
frame06151.jpg,1920,1088,Mask,888,341,974,426
frame06151.jpg,1920,1088,Coverall,739,140,1316,1086
frame06231.jpg,1920,1088,Gloves,757,523,852,691
frame06231.jpg,1920,1088,Gloves,1120,545,1223,700
frame06231.jpg,1920,1088,Mask,942,251,1079,382
frame06231.jpg,1920,1088,Goggles,929,210,1092,298
frame06231.jpg,1920,1088,Coverall,710,107,1350,1086
frame05341.jpg,1920,1088,Gloves,803,565,1030,778
frame05341.jpg,1920,1088,Gloves,1026,540,1221,774
frame05341.jpg,1920,1088,Mask,905,357,1107,557
frame05341.jpg,1920,1088,Goggles,885,319,1143,433
frame05341.jpg,1920,1088,Coverall,462,119,1516,1083
dnf.jpg,800,451,Goggles,455,85,563,132
dnf.jpg,800,451,Mask,469,112,556,181
dnf.jpg,800,451,Gloves,224,316,288,374
dnf.jpg,800,451,Coverall,287,37,692,449
hjtuj.jpg,710,450,Mask,175,88,262,176
hjtuj.jpg,710,450,Goggles,161,46,278,99
hjtuj.jpg,710,450,Coverall,35,1,377,446
Using Personal Protection Equipment (PPE) 078.jpg,1280,720,Coverall,567,187,843,720
Using Personal Protection Equipment (PPE) 078.jpg,1280,720,Face_Shield,654,105,749,218
Using Personal Protection Equipment (PPE) 078.jpg,1280,720,Mask,670,152,733,207
snap07241.jpg,1920,1088,Mask,928,469,1134,707
snap07241.jpg,1920,1088,Face_Shield,832,328,1216,754
snap07241.jpg,1920,1088,Gloves,605,92,934,358
snap07241.jpg,1920,1088,Gloves,1230,163,1551,455
snap07241.jpg,1920,1088,Coverall,178,263,1850,951
Demonstration of Donning (Putting On) Personal Protective Equipment (PPE) 197.jpg,1280,720,Coverall,379,266,981,720
Demonstration of Donning (Putting On) Personal Protective Equipment (PPE) 197.jpg,1280,720,Face_Shield,581,490,829,677
Demonstration of Donning (Putting On) Personal Protective Equipment (PPE) 197.jpg,1280,720,Mask,633,213,750,301
ngc.jpg,1200,798,Gloves,204,301,305,449
ngc.jpg,1200,798,Gloves,314,404,440,493
ngc.jpg,1200,798,Mask,451,144,564,219
ngc.jpg,1200,798,Face_Shield,448,83,566,251
ngc.jpg,1200,798,Coverall,234,6,763,794
gew4u.jpg,1200,800,Gloves,322,467,558,598
gew4u.jpg,1200,800,Gloves,555,497,739,617
gew4u.jpg,1200,800,Face_Shield,614,95,822,361
gew4u.jpg,1200,800,Mask,651,213,799,316
gew4u.jpg,1200,800,Coverall,561,305,1024,800
htk2535.jpg,1920,1080,Goggles,806,261,1114,416
htk2535.jpg,1920,1080,Mask,862,392,1062,607
htk2535.jpg,1920,1080,Gloves,664,443,880,641
htk2535.jpg,1920,1080,Gloves,1003,439,1203,626
htk2535.jpg,1920,1080,Coverall,312,2,1628,1079
juui.jpg,1300,865,Gloves,526,351,683,570
juui.jpg,1300,865,Gloves,667,526,887,747
juui.jpg,1300,865,Goggles,659,180,920,350
juui.jpg,1300,865,Mask,716,302,910,483
juui.jpg,1300,865,Coverall,321,36,1242,859
How to properly wear personal protective equipment for airborne contaminants 182.jpg,1280,720,Coverall,641,251,1044,714
Demonstration of Donning (Putting On) Personal Protective Equipment (PPE) 231.jpg,1280,720,Coverall,414,214,826,720
Demonstration of Donning (Putting On) Personal Protective Equipment (PPE) 231.jpg,1280,720,Gloves,811,417,894,513
Demonstration of Donning (Putting On) Personal Protective Equipment (PPE) 231.jpg,1280,720,Gloves,355,425,506,548
Demonstration of Donning (Putting On) Personal Protective Equipment (PPE) 231.jpg,1280,720,Face_Shield,559,66,741,221
Demonstration of Donning (Putting On) Personal Protective Equipment (PPE) 231.jpg,1280,720,Mask,626,136,698,209
snap07081.jpg,1920,1088,Mask,888,328,1024,483
snap07081.jpg,1920,1088,Face_Shield,823,239,1080,519
snap07081.jpg,1920,1088,Gloves,642,201,859,418
snap07081.jpg,1920,1088,Gloves,1034,207,1267,432
snap07081.jpg,1920,1088,Coverall,479,398,1442,1085
frame05121.jpg,1920,1088,Goggles,838,308,1148,517
frame05121.jpg,1920,1088,Mask,843,423,1092,644
frame05121.jpg,1920,1088,Gloves,669,309,917,618
frame05121.jpg,1920,1088,Gloves,1069,321,1309,596
frame05121.jpg,1920,1088,Coverall,343,550,1675,1087
How to properly wear personal protective equipment for airborne contaminants 211.jpg,1280,720,Mask,623,374,944,598
How to properly wear personal protective equipment for airborne contaminants 211.jpg,1280,720,Coverall,381,477,1230,720
How to properly wear personal protective equipment for airborne contaminants 318.jpg,1280,720,Goggles,607,181,1279,398
How to properly wear personal protective equipment for airborne contaminants 318.jpg,1280,720,Mask,675,277,1112,720
Using Personal Protection Equipment (PPE) 081.jpg,1280,720,Coverall,548,183,874,720
Using Personal Protection Equipment (PPE) 081.jpg,1280,720,Gloves,736,217,844,305
Using Personal Protection Equipment (PPE) 081.jpg,1280,720,Face_Shield,648,109,731,207
Using Personal Protection Equipment (PPE) 081.jpg,1280,720,Mask,653,151,727,204
huj.png,1200,900,Mask,211,207,271,267
huj.png,1200,900,Mask,675,285,723,331
huj.png,1200,900,Mask,788,300,845,342
huj.png,1200,900,Mask,945,250,994,293
huj.png,1200,900,Gloves,117,508,163,599
huj.png,1200,900,Gloves,357,511,389,589
huj.png,1200,900,Gloves,599,548,633,608
huj.png,1200,900,Gloves,804,554,844,604
huj.png,1200,900,Gloves,859,531,895,603
huj.png,1200,900,Gloves,1033,547,1076,593
huj.png,1200,900,Mask,567,343,613,377
huj.png,1200,900,Coverall,119,138,390,896
huj.png,1200,900,Coverall,588,224,831,877
huj.png,1200,900,Coverall,767,240,886,435
huj.png,1200,900,Coverall,856,188,1092,870
frame06521.jpg,1920,1088,Gloves,421,460,503,585
frame06521.jpg,1920,1088,Gloves,728,467,791,574
frame06521.jpg,1920,1088,Gloves,865,433,938,560
frame06521.jpg,1920,1088,Gloves,1167,455,1246,567
frame06521.jpg,1920,1088,Mask,574,342,647,422
frame06521.jpg,1920,1088,Mask,1009,233,1103,323
frame06521.jpg,1920,1088,Goggles,991,190,1115,264
frame06521.jpg,1920,1088,Coverall,376,233,842,1086
frame06521.jpg,1920,1088,Coverall,835,122,1298,1086
How to properly wear personal protective equipment for airborne contaminants 213.jpg,1280,720,Mask,642,353,975,596
Demonstration of Donning (Putting On) Personal Protective Equipment (PPE) 163.jpg,1280,720,Coverall,405,264,866,720
Demonstration of Donning (Putting On) Personal Protective Equipment (PPE) 163.jpg,1280,720,Mask,566,179,668,269
bvc.jpg,847,565,Goggles,173,136,232,177
bvc.jpg,847,565,Goggles,240,99,312,134
bvc.jpg,847,565,Goggles,337,176,406,212
bvc.jpg,847,565,Mask,344,201,406,254
bvc.jpg,847,565,Mask,249,117,309,179
bvc.jpg,847,565,Mask,168,162,218,229
bvc.jpg,847,565,Gloves,158,311,236,407
bvc.jpg,847,565,Gloves,285,436,349,502
bvc.jpg,847,565,Coverall,15,66,262,564
bvc.jpg,847,565,Coverall,210,33,332,256
bvc.jpg,847,565,Coverall,328,101,550,565
bvc.jpg,847,565,Mask,627,267,672,312
fgthtrj.jpg,640,360,Goggles,239,136,561,269
fgthtrj.jpg,640,360,Mask,265,182,529,357
fgthtrj.jpg,640,360,Coverall,156,1,639,358
How to properly wear personal protective equipment for airborne contaminants 278.jpg,1280,720,Coverall,435,475,1201,720
How to properly wear personal protective equipment for airborne contaminants 278.jpg,1280,720,Mask,640,268,805,468
dh.jpg,660,439,Coverall,27,1,391,186
dh.jpg,660,439,Coverall,97,172,456,409
dh.jpg,660,439,Coverall,311,1,599,268
dh.jpg,660,439,Mask,227,109,318,181
dh.jpg,660,439,Mask,439,58,517,125
dh.jpg,660,439,Goggles,436,33,533,83
dh.jpg,660,439,Gloves,25,181,57,248
dh.jpg,660,439,Face_Shield,391,2,544,169
snap07331.jpg,1920,1088,Mask,862,154,917,227
snap07331.jpg,1920,1088,Face_Shield,837,109,939,244
snap07331.jpg,1920,1088,Gloves,751,564,819,682
snap07331.jpg,1920,1088,Gloves,988,551,1043,671
snap07331.jpg,1920,1088,Coverall,734,57,1057,951
snap08161.jpg,1920,1088,Mask,996,180,1091,298
snap08161.jpg,1920,1088,Face_Shield,953,104,1135,322
snap08161.jpg,1920,1088,Gloves,1243,896,1315,953
snap08161.jpg,1920,1088,Gloves,775,886,850,953
snap08161.jpg,1920,1088,Coverall,767,42,1325,951
gfz.jpg,600,400,Mask,74,65,96,80
gfz.jpg,600,400,Face_Shield,65,54,99,88
gfz.jpg,600,400,Face_Shield,99,49,145,106
gfz.jpg,600,400,Face_Shield,199,62,244,108
gfz.jpg,600,400,Face_Shield,295,58,334,113
gfz.jpg,600,400,Face_Shield,431,55,479,115
gfz.jpg,600,400,Mask,111,66,137,90
gfz.jpg,600,400,Mask,210,77,234,102
gfz.jpg,600,400,Mask,305,73,322,89
gfz.jpg,600,400,Mask,441,76,461,94
gfz.jpg,600,400,Gloves,31,142,53,161
gfz.jpg,600,400,Gloves,56,76,76,115
gfz.jpg,600,400,Gloves,158,184,180,235
gfz.jpg,600,400,Gloves,201,164,226,187
gfz.jpg,600,400,Gloves,217,178,243,200
gfz.jpg,600,400,Gloves,297,108,336,141
gfz.jpg,600,400,Gloves,371,179,391,214
gfz.jpg,600,400,Gloves,261,175,281,202
gfz.jpg,600,400,Gloves,441,94,461,134
gfz.jpg,600,400,Coverall,43,33,173,380
gfz.jpg,600,400,Coverall,24,32,100,148
gfz.jpg,600,400,Coverall,174,47,273,377
gfz.jpg,600,400,Coverall,273,39,388,373
gfz.jpg,600,400,Coverall,379,45,504,374
frame04711.jpg,1920,1088,Mask,844,313,1025,495
frame04711.jpg,1920,1088,Gloves,656,680,776,891
frame04711.jpg,1920,1088,Gloves,1083,705,1211,914
frame04711.jpg,1920,1088,Coverall,488,504,1383,1085
snap00951.jpg,1920,1088,Gloves,828,533,891,654
snap00951.jpg,1920,1088,Gloves,1069,518,1130,649
snap00951.jpg,1920,1088,Face_Shield,916,74,1012,146
snap00951.jpg,1920,1088,Coverall,812,30,1142,1013
frame06501.jpg,1920,1088,Gloves,375,423,461,546
frame06501.jpg,1920,1088,Gloves,682,433,760,546
frame06501.jpg,1920,1088,Gloves,853,496,924,604
frame06501.jpg,1920,1088,Gloves,1189,528,1298,636
frame06501.jpg,1920,1088,Mask,532,346,602,421
frame06501.jpg,1920,1088,Mask,1051,223,1153,321
frame06501.jpg,1920,1088,Goggles,1032,186,1167,255
frame06501.jpg,1920,1088,Coverall,878,94,1371,1083
frame06501.jpg,1920,1088,Coverall,297,230,816,1083
frame04691.jpg,1920,1088,Mask,835,326,1039,521
frame04691.jpg,1920,1088,Gloves,639,719,776,954
frame04691.jpg,1920,1088,Gloves,1070,764,1205,990
frame04691.jpg,1920,1088,Coverall,447,544,1437,1083
Using Personal Protection Equipment (PPE) 042 - Copy.jpg,1280,720,Coverall,576,136,936,720
How to properly wear personal protective equipment for airborne contaminants 382.jpg,1280,720,Gloves,10,251,203,430
snap07091.jpg,1920,1088,Mask,888,319,1024,476
snap07091.jpg,1920,1088,Face_Shield,834,222,1069,500
snap07091.jpg,1920,1088,Gloves,642,196,866,417
snap07091.jpg,1920,1088,Gloves,1026,199,1255,421
snap07091.jpg,1920,1088,Coverall,474,391,1443,1083
frame06571.jpg,1920,1088,Gloves,439,465,510,569
frame06571.jpg,1920,1088,Gloves,719,464,776,563
frame06571.jpg,1920,1088,Gloves,865,424,935,549
frame06571.jpg,1920,1088,Gloves,1161,444,1243,557
frame06571.jpg,1920,1088,Mask,569,337,642,410
frame06571.jpg,1920,1088,Mask,1012,222,1106,314
frame06571.jpg,1920,1088,Goggles,1006,190,1119,253
frame06571.jpg,1920,1088,Coverall,848,112,1298,1087
frame06571.jpg,1920,1088,Coverall,393,245,828,1078
bgv.jpg,1024,576,Goggles,360,215,699,400
bgv.jpg,1024,576,Mask,358,288,658,558
bgv.jpg,1024,576,Face_Shield,300,128,720,545
How to properly wear personal protective equipment for airborne contaminants 325.jpg,1280,720,Coverall,661,101,902,683
How to properly wear personal protective equipment for airborne contaminants 325.jpg,1280,720,Mask,740,92,781,139
How to properly wear personal protective equipment for airborne contaminants 325.jpg,1280,720,Goggles,739,77,791,98
How to properly wear personal protective equipment for airborne contaminants 325.jpg,1280,720,Gloves,705,17,749,66
nx.jpg,1560,2340,Mask,256,1163,1316,2070
nx.jpg,1560,2340,Goggles,154,730,1421,1255
Demonstration of Donning (Putting On) Personal Protective Equipment (PPE) 229.jpg,1280,720,Coverall,423,222,847,720
Demonstration of Donning (Putting On) Personal Protective Equipment (PPE) 229.jpg,1280,720,Gloves,579,291,689,409
Demonstration of Donning (Putting On) Personal Protective Equipment (PPE) 229.jpg,1280,720,Gloves,539,392,692,507
Demonstration of Donning (Putting On) Personal Protective Equipment (PPE) 229.jpg,1280,720,Face_Shield,554,138,705,257
Demonstration of Donning (Putting On) Personal Protective Equipment (PPE) 229.jpg,1280,720,Mask,585,195,675,259
frame05351.jpg,1920,1088,Goggles,879,322,1129,428
frame05351.jpg,1920,1088,Mask,900,364,1102,551
frame05351.jpg,1920,1088,Gloves,638,583,816,828
frame05351.jpg,1920,1088,Gloves,1167,621,1325,858
frame05351.jpg,1920,1088,Coverall,424,115,1551,1086
Demonstration of Donning (Putting On) Personal Protective Equipment (PPE) 081.jpg,1280,720,Coverall,654,155,1029,701
Demonstration of Donning (Putting On) Personal Protective Equipment (PPE) 081.jpg,1280,720,Goggles,231,501,332,569
Demonstration of Donning (Putting On) Personal Protective Equipment (PPE) 081.jpg,1280,720,Face_Shield,53,547,246,607
Demonstration of Donning (Putting On) Personal Protective Equipment (PPE) 081.jpg,1280,720,Mask,236,583,296,638
frame06281.jpg,1920,1088,Gloves,741,522,848,694
frame06281.jpg,1920,1088,Gloves,1123,553,1217,704
frame06281.jpg,1920,1088,Mask,930,255,1062,387
frame06281.jpg,1920,1088,Goggles,917,214,1079,303
frame06281.jpg,1920,1088,Coverall,687,110,1342,1082
mnd.jpg,960,640,Gloves,257,213,332,364
mnd.jpg,960,640,Gloves,613,571,694,637
mnd.jpg,960,640,Mask,458,172,585,276
mnd.jpg,960,640,Goggles,446,136,578,183
mnd.jpg,960,640,Face_Shield,421,73,621,300
mnd.jpg,960,640,Coverall,144,254,885,640
mnd.jpg,960,640,Mask,749,240,773,260
frame05661.jpg,1920,1088,Gloves,1373,746,1565,895
frame05661.jpg,1920,1088,Gloves,1226,713,1365,817
frame05661.jpg,1920,1088,Goggles,1084,296,1206,372
frame05661.jpg,1920,1088,Mask,1055,332,1156,407
frame05661.jpg,1920,1088,Coverall,769,113,1371,1086
Using Personal Protection Equipment (PPE) 017 - Copy.jpg,1280,720,Coverall,387,178,1041,514
Demonstration of Donning (Putting On) Personal Protective Equipment (PPE) 080 - Copy - Copy.jpg,1280,720,Coverall,715,147,1054,677
Demonstration of Donning (Putting On) Personal Protective Equipment (PPE) 080 - Copy - Copy.jpg,1280,720,Goggles,233,511,326,561
Demonstration of Donning (Putting On) Personal Protective Equipment (PPE) 080 - Copy - Copy.jpg,1280,720,Mask,227,586,306,636
Demonstration of Donning (Putting On) Personal Protective Equipment (PPE) 175.jpg,1280,720,Mask,480,353,770,548
Demonstration of Donning (Putting On) Personal Protective Equipment (PPE) 175.jpg,1280,720,Coverall,140,424,1112,720
How to properly wear personal protective equipment for airborne contaminants 317.jpg,1280,720,Goggles,620,139,1280,342
How to properly wear personal protective equipment for airborne contaminants 317.jpg,1280,720,Mask,723,243,1170,720
Demonstration of Donning (Putting On) Personal Protective Equipment (PPE) 198.jpg,1280,720,Face_Shield,549,242,763,396
Demonstration of Donning (Putting On) Personal Protective Equipment (PPE) 198.jpg,1280,720,Coverall,288,186,997,720
Demonstration of Donning (Putting On) Personal Protective Equipment (PPE) 198.jpg,1280,720,Mask,592,285,696,324
How to properly wear personal protective equipment for airborne contaminants 327.jpg,1280,720,Goggles,340,483,1157,720
How to properly wear personal protective equipment for airborne contaminants 327.jpg,1280,720,Gloves,10,159,424,716
frame06191.jpg,1920,1088,Gloves,805,678,941,830
frame06191.jpg,1920,1088,Gloves,1030,681,1193,833
frame06191.jpg,1920,1088,Goggles,980,207,1150,298
frame06191.jpg,1920,1088,Mask,996,255,1126,383
frame06191.jpg,1920,1088,Coverall,734,105,1391,1086
snap03021.jpg,1920,1088,Coverall,787,254,1115,1033
snap03021.jpg,1920,1088,Gloves,870,348,960,409
snap03021.jpg,1920,1088,Gloves,975,401,1038,463
How to properly wear personal protective equipment for airborne contaminants 239.jpg,1280,720,Mask,370,272,885,709
Demonstration of Donning (Putting On) Personal Protective Equipment (PPE) 184.jpg,1280,720,Mask,471,286,741,452
Demonstration of Donning (Putting On) Personal Protective Equipment (PPE) 184.jpg,1280,720,Coverall,167,387,1079,720
Using Personal Protection Equipment (PPE) 027 - Copy.jpg,1280,720,Coverall,620,240,940,720
frame05131.jpg,1920,1088,Goggles,833,304,1138,500
frame05131.jpg,1920,1088,Mask,842,415,1088,640
frame05131.jpg,1920,1088,Gloves,642,308,894,595
frame05131.jpg,1920,1088,Gloves,1059,309,1291,594
frame05131.jpg,1920,1088,Coverall,326,554,1656,1088
frame06271.jpg,1920,1088,Mask,925,259,1059,392
frame06271.jpg,1920,1088,Goggles,909,212,1078,305
frame06271.jpg,1920,1088,Gloves,739,523,841,700
frame06271.jpg,1920,1088,Gloves,1111,551,1214,701
frame06271.jpg,1920,1088,Coverall,687,108,1339,1082
frame05761.jpg,1920,1088,Gloves,800,753,939,978
frame05761.jpg,1920,1088,Gloves,735,628,883,762
frame05761.jpg,1920,1088,Goggles,782,145,971,240
frame05761.jpg,1920,1088,Mask,800,185,935,282
frame05761.jpg,1920,1088,Coverall,505,4,1164,1083
frame05241.jpg,1920,1088,Gloves,634,378,793,512
frame05241.jpg,1920,1088,Gloves,1100,318,1292,446
frame05241.jpg,1920,1088,Goggles,788,365,1114,571
frame05241.jpg,1920,1088,Mask,824,492,1074,658
frame05241.jpg,1920,1088,Coverall,100,314,1816,1083
Using Personal Protection Equipment (PPE) 035 - Copy.jpg,1280,720,Coverall,591,217,1007,720
getry.jpg,750,500,Face_Shield,328,57,449,212
getry.jpg,750,500,Goggles,332,96,442,138
getry.jpg,750,500,Mask,347,115,431,210
getry.jpg,750,500,Coverall,204,32,581,500
gtjk.jpg,2000,2000,Goggles,543,714,1373,1138
gtjk.jpg,2000,2000,Mask,668,986,1276,1626
gtjk.jpg,2000,2000,Coverall,57,177,1995,2000
Demonstration of Donning (Putting On) Personal Protective Equipment (PPE) 195.jpg,1280,720,Coverall,328,298,756,720
Demonstration of Donning (Putting On) Personal Protective Equipment (PPE) 195.jpg,1280,720,Mask,392,238,514,317
Demonstration of Donning (Putting On) Personal Protective Equipment (PPE) 195.jpg,1280,720,Face_Shield,97,595,292,720
snap00851.jpg,1920,1088,Gloves,843,540,907,663
snap00851.jpg,1920,1088,Gloves,1051,536,1114,651
snap00851.jpg,1920,1088,Coverall,815,32,1132,1017
snap00851.jpg,1920,1088,Face_Shield,910,76,1010,151
snap08711.jpg,1920,1088,Mask,978,239,1129,427
snap08711.jpg,1920,1088,Face_Shield,909,145,1179,455
snap08711.jpg,1920,1088,Coverall,641,40,1525,954
jyje.jpg,626,417,Mask,186,86,239,137
jyje.jpg,626,417,Mask,369,124,426,177
jyje.jpg,626,417,Face_Shield,155,44,277,161
jyje.jpg,626,417,Face_Shield,350,70,457,168
jyje.jpg,626,417,Gloves,189,228,271,291
jyje.jpg,626,417,Gloves,372,283,449,320
jyje.jpg,626,417,Coverall,64,28,332,415
jyje.jpg,626,417,Coverall,308,62,526,413
Using Personal Protection Equipment (PPE) 145.jpg,1280,720,Mask,668,162,792,231
How to properly wear personal protective equipment for airborne contaminants 171.jpg,1280,720,Coverall,559,166,927,675
hij.jpg,1280,853,Gloves,117,209,433,582
hij.jpg,1280,853,Mask,503,210,720,384
hij.jpg,1280,853,Goggles,510,159,740,247
hij.jpg,1280,853,Coverall,102,1,1082,851
frame05221.jpg,1920,1088,Goggles,810,350,1124,553
frame05221.jpg,1920,1088,Mask,834,473,1087,654
frame05221.jpg,1920,1088,Gloves,598,368,807,559
frame05221.jpg,1920,1088,Gloves,1111,321,1328,512
frame05221.jpg,1920,1088,Coverall,133,395,1834,1085
kjknj.jpg,960,499,Mask,161,58,277,161
kjknj.jpg,960,499,Mask,566,340,632,395
kjknj.jpg,960,499,Gloves,63,422,111,498
kjknj.jpg,960,499,Gloves,337,438,449,499
kjknj.jpg,960,499,Face_Shield,112,1,359,189
kjknj.jpg,960,499,Coverall,1,4,544,495
frame06511.jpg,1920,1088,Gloves,402,462,480,580
frame06511.jpg,1920,1088,Gloves,706,451,769,565
frame06511.jpg,1920,1088,Gloves,859,371,934,507
frame06511.jpg,1920,1088,Gloves,1142,385,1216,514
frame06511.jpg,1920,1088,Mask,564,341,634,417
frame06511.jpg,1920,1088,Mask,988,214,1087,317
frame06511.jpg,1920,1088,Goggles,974,186,1100,255
frame06511.jpg,1920,1088,Coverall,346,237,823,1082
frame06511.jpg,1920,1088,Coverall,809,105,1291,1085
ft52.jpg,1800,1113,Gloves,510,554,764,924
ft52.jpg,1800,1113,Goggles,804,197,1158,335
ft52.jpg,1800,1113,Mask,836,285,1104,522
ft52.jpg,1800,1113,Coverall,154,11,1598,1113
Demonstration of Donning (Putting On) Personal Protective Equipment (PPE) 120.jpg,1280,720,Coverall,440,109,1125,720
Demonstration of Donning (Putting On) Personal Protective Equipment (PPE) 120.jpg,1280,720,Mask,529,403,683,555
snap08661.jpg,1920,1088,Mask,955,200,1101,386
snap08661.jpg,1920,1088,Face_Shield,885,105,1157,405
snap08661.jpg,1920,1088,Coverall,618,1,1542,951
Demonstration of Donning (Putting On) Personal Protective Equipment (PPE) 159.jpg,1280,720,Coverall,372,260,864,720
Demonstration of Donning (Putting On) Personal Protective Equipment (PPE) 159.jpg,1280,720,Mask,561,181,672,269
snap08821.jpg,1920,1088,Mask,1023,346,1169,533
snap08821.jpg,1920,1088,Face_Shield,956,253,1241,554
snap08821.jpg,1920,1088,Coverall,662,532,1511,951
How to properly wear personal protective equipment for airborne contaminants 384.jpg,1280,720,Gloves,142,135,389,340
How to properly wear personal protective equipment for airborne contaminants 384.jpg,1280,720,Gloves,502,368,623,478
snap08371.jpg,1920,1088,Gloves,882,303,1010,417
snap08371.jpg,1920,1088,Gloves,1198,851,1296,955
snap08371.jpg,1920,1088,Mask,976,151,1071,282
snap08371.jpg,1920,1088,Face_Shield,942,83,1126,263
snap08371.jpg,1920,1088,Coverall,723,57,1326,953
d.jpg,600,400,Gloves,431,328,476,377
d.jpg,600,400,Gloves,167,213,232,281
d.jpg,600,400,Gloves,290,147,324,188
d.jpg,600,400,Gloves,450,86,484,124
d.jpg,600,400,Gloves,428,105,446,138
d.jpg,600,400,Gloves,344,90,370,119
d.jpg,600,400,Gloves,368,121,390,135
d.jpg,600,400,Mask,332,288,383,324
d.jpg,600,400,Mask,72,22,138,77
d.jpg,600,400,Mask,217,58,265,94
d.jpg,600,400,Mask,361,56,389,77
d.jpg,600,400,Mask,443,41,473,66
d.jpg,600,400,Mask,335,171,364,201
d.jpg,600,400,Face_Shield,200,28,286,98
d.jpg,600,400,Face_Shield,430,3,490,67
d.jpg,600,400,Face_Shield,352,40,398,89
d.jpg,600,400,Coverall,1,71,172,396
d.jpg,600,400,Coverall,149,85,291,400
d.jpg,600,400,Coverall,260,308,481,399
d.jpg,600,400,Coverall,416,62,525,256
d.jpg,600,400,Coverall,316,78,420,130
snap08691.jpg,1920,1088,Mask,998,235,1147,422
snap08691.jpg,1920,1088,Face_Shield,928,139,1203,444
snap08691.jpg,1920,1088,Coverall,656,30,1551,955
mj.jpg,768,492,Gloves,165,63,306,399
mj.jpg,768,492,Gloves,247,349,344,491
mj.jpg,768,492,Gloves,110,240,205,384
mj.jpg,768,492,Goggles,389,122,544,225
mj.jpg,768,492,Mask,407,177,597,346
mj.jpg,768,492,Coverall,344,330,768,489
Demonstration of Donning (Putting On) Personal Protective Equipment (PPE) 079 - Copy (2).jpg,1280,720,Coverall,706,149,1142,694
Demonstration of Donning (Putting On) Personal Protective Equipment (PPE) 079 - Copy (2).jpg,1280,720,Goggles,233,500,336,564
Demonstration of Donning (Putting On) Personal Protective Equipment (PPE) 079 - Copy (2).jpg,1280,720,Face_Shield,58,553,261,599
frame06211.jpg,1920,1088,Goggles,938,214,1100,295
frame06211.jpg,1920,1088,Mask,951,251,1082,389
frame06211.jpg,1920,1088,Gloves,748,510,838,694
frame06211.jpg,1920,1088,Gloves,1146,545,1235,704
frame06211.jpg,1920,1088,Coverall,694,103,1356,1082
kio.jpg,845,440,Goggles,142,75,205,102
kio.jpg,845,440,Goggles,295,33,339,52
kio.jpg,845,440,Goggles,480,44,530,69
kio.jpg,845,440,Goggles,749,45,773,66
kio.jpg,845,440,Mask,144,99,205,135
kio.jpg,845,440,Mask,296,51,340,86
kio.jpg,845,440,Mask,482,61,530,95
kio.jpg,845,440,Mask,741,65,776,112
kio.jpg,845,440,Gloves,48,354,82,432
kio.jpg,845,440,Gloves,245,367,285,437
kio.jpg,845,440,Gloves,348,199,386,249
kio.jpg,845,440,Gloves,483,153,539,194
kio.jpg,845,440,Gloves,568,406,613,438
kio.jpg,845,440,Gloves,782,314,834,349
kio.jpg,845,440,Coverall,49,22,270,438
kio.jpg,845,440,Coverall,225,2,405,438
kio.jpg,845,440,Coverall,402,8,564,439
kio.jpg,845,440,Coverall,555,4,837,436
cxcf.jpg,1199,675,Gloves,259,395,414,554
cxcf.jpg,1199,675,Gloves,711,357,876,547
cxcf.jpg,1199,675,Mask,460,262,599,387
cxcf.jpg,1199,675,Mask,707,235,769,291
cxcf.jpg,1199,675,Goggles,699,186,776,238
cxcf.jpg,1199,675,Face_Shield,401,169,651,388
cxcf.jpg,1199,675,Coverall,242,141,851,670
cxcf.jpg,1199,675,Coverall,617,136,788,386
myr.jpg,795,570,Goggles,300,243,495,315
myr.jpg,795,570,Mask,317,299,501,476
myr.jpg,795,570,Gloves,184,194,327,451
myr.jpg,795,570,Gloves,455,145,636,377
myr.jpg,795,570,Coverall,22,39,789,566
How to properly wear personal protective equipment for airborne contaminants 202.jpg,1280,720,Mask,345,120,927,438
snap08841.jpg,1920,1088,Mask,971,239,1069,367
snap08841.jpg,1920,1088,Face_Shield,923,177,1114,367
snap08841.jpg,1920,1088,Coverall,729,358,1350,951
hda.jpg,800,573,Mask,175,245,408,458
hda.jpg,800,573,Goggles,139,125,447,309
m.jpg,400,267,Gloves,140,140,206,213
m.jpg,400,267,Gloves,202,187,275,245
m.jpg,400,267,Goggles,225,64,293,89
m.jpg,400,267,Mask,233,78,284,117
m.jpg,400,267,Mask,158,37,185,57
m.jpg,400,267,Coverall,1,38,139,263
m.jpg,400,267,Coverall,140,47,237,122
m.jpg,400,267,Coverall,158,114,370,266
Demonstration of Donning (Putting On) Personal Protective Equipment (PPE) 158.jpg,1280,720,Coverall,397,278,833,720
Demonstration of Donning (Putting On) Personal Protective Equipment (PPE) 158.jpg,1280,720,Mask,578,187,671,275
How to properly wear personal protective equipment for airborne contaminants 288.jpg,1280,720,Coverall,716,377,1280,717
How to properly wear personal protective equipment for airborne contaminants 288.jpg,1280,720,Mask,809,240,963,381
frame05381.jpg,1920,1088,Mask,892,358,1102,555
frame05381.jpg,1920,1088,Goggles,876,318,1129,433
frame05381.jpg,1920,1088,Gloves,615,772,762,1019
frame05381.jpg,1920,1088,Gloves,1202,805,1348,1055
frame05381.jpg,1920,1088,Coverall,493,114,1519,1086
frame05711.jpg,1920,1088,Gloves,1188,690,1314,787
frame05711.jpg,1920,1088,Gloves,1297,707,1464,842
frame05711.jpg,1920,1088,Goggles,1056,323,1174,391
frame05711.jpg,1920,1088,Mask,1026,358,1126,422
frame05711.jpg,1920,1088,Coverall,755,133,1251,1086
frame04641.jpg,1920,1088,Mask,798,321,1047,577
frame04641.jpg,1920,1088,Gloves,569,801,816,1076
frame04641.jpg,1920,1088,Gloves,955,850,1210,1083
frame04641.jpg,1920,1088,Coverall,287,587,1512,1087
bn.jpg,900,600,Goggles,234,75,476,238
bn.jpg,900,600,Mask,301,180,496,322
bn.jpg,900,600,Gloves,305,519,495,599
bn.jpg,900,600,Coverall,158,1,881,498
bcfx.jpg,2560,1482,Gloves,1,12,659,1410
bcfx.jpg,2560,1482,Gloves,1823,37,2554,1359
bcfx.jpg,2560,1482,Mask,655,529,1740,1423
bcfx.jpg,2560,1482,Goggles,633,169,1843,735
snap08361.jpg,1920,1088,Gloves,879,274,997,399
snap08361.jpg,1920,1088,Gloves,1232,871,1319,951
snap08361.jpg,1920,1088,Mask,971,168,1067,287
snap08361.jpg,1920,1088,Face_Shield,937,89,1111,287
snap08361.jpg,1920,1088,Coverall,712,53,1341,953
Demonstration of Donning (Putting On) Personal Protective Equipment (PPE) 176.jpg,1280,720,Coverall,287,438,1004,720
Demonstration of Donning (Putting On) Personal Protective Equipment (PPE) 176.jpg,1280,720,Mask,498,338,711,472
Demonstration of Donning (Putting On) Personal Protective Equipment (PPE) 156.jpg,1280,720,Coverall,378,274,845,720
Demonstration of Donning (Putting On) Personal Protective Equipment (PPE) 156.jpg,1280,720,Mask,572,187,670,275
hehy.jpg,900,506,Gloves,208,446,341,505
hehy.jpg,900,506,Gloves,200,394,334,471
hehy.jpg,900,506,Gloves,451,350,564,477
hehy.jpg,900,506,Gloves,402,362,460,467
hehy.jpg,900,506,Goggles,186,151,327,208
hehy.jpg,900,506,Goggles,401,134,543,190
hehy.jpg,900,506,Mask,183,173,293,252
hehy.jpg,900,506,Mask,423,171,541,241
hehy.jpg,900,506,Face_Shield,166,96,330,268
hehy.jpg,900,506,Face_Shield,385,85,563,275
hehy.jpg,900,506,Coverall,28,16,393,503
hehy.jpg,900,506,Coverall,377,7,713,502
Using Personal Protection Equipment (PPE) 038 - Copy.jpg,1280,720,Coverall,587,200,959,720
snap00871.jpg,1920,1088,Gloves,838,541,906,668
snap00871.jpg,1920,1088,Gloves,1055,531,1119,650
snap00871.jpg,1920,1088,Face_Shield,916,81,1016,151
snap00871.jpg,1920,1088,Coverall,815,30,1132,1008
mkl.jpg,650,321,Mask,96,77,156,128
mkl.jpg,650,321,Mask,275,109,360,166
mkl.jpg,650,321,Mask,498,130,543,151
mkl.jpg,650,321,Gloves,213,224,274,263
mkl.jpg,650,321,Gloves,389,117,471,189
mkl.jpg,650,321,Goggles,95,60,166,92
mkl.jpg,650,321,Goggles,455,84,509,132
mkl.jpg,650,321,Coverall,31,1,221,319
mkl.jpg,650,321,Coverall,196,96,475,318
mkl.jpg,650,321,Coverall,453,1,649,321
Demonstration of Donning (Putting On) Personal Protective Equipment (PPE) 225.jpg,1280,720,Gloves,566,30,881,190
Demonstration of Donning (Putting On) Personal Protective Equipment (PPE) 225.jpg,1280,720,Gloves,455,109,636,309
Demonstration of Donning (Putting On) Personal Protective Equipment (PPE) 225.jpg,1280,720,Coverall,500,8,1274,720
frame06261.jpg,1920,1088,Goggles,911,215,1076,301
frame06261.jpg,1920,1088,Mask,930,258,1064,383
frame06261.jpg,1920,1088,Gloves,739,521,846,694
frame06261.jpg,1920,1088,Gloves,1116,550,1215,704
frame06261.jpg,1920,1088,Coverall,691,105,1339,1081
frame05101.jpg,1920,1088,Gloves,1061,300,1328,617
frame05101.jpg,1920,1088,Gloves,637,310,896,610
frame05101.jpg,1920,1088,Goggles,841,307,1161,514
frame05101.jpg,1920,1088,Mask,850,424,1103,642
frame05101.jpg,1920,1088,Coverall,305,565,1662,1088
Using Personal Protection Equipment (PPE) 056.jpg,1280,720,Face_Shield,524,304,862,574
Using Personal Protection Equipment (PPE) 056.jpg,1280,720,Mask,606,336,842,531
Using Personal Protection Equipment (PPE) 056.jpg,1280,720,Coverall,293,425,1192,720
frame05441.jpg,1920,1088,Goggles,1257,328,1392,389
frame05441.jpg,1920,1088,Mask,1233,348,1339,431
frame05441.jpg,1920,1088,Gloves,1515,919,1639,1062
frame05441.jpg,1920,1088,Gloves,919,828,1042,962
frame05441.jpg,1920,1088,Coverall,814,149,1583,1086
snap08851.jpg,1920,1088,Mask,971,240,1074,363
snap08851.jpg,1920,1088,Face_Shield,929,176,1114,389
snap08851.jpg,1920,1088,Coverall,725,346,1347,950
frame06541.jpg,1920,1088,Gloves,439,462,514,583
frame06541.jpg,1920,1088,Gloves,729,469,787,576
frame06541.jpg,1920,1088,Gloves,866,423,935,553
frame06541.jpg,1920,1088,Gloves,1164,445,1237,557
frame06541.jpg,1920,1088,Mask,574,344,652,414
frame06541.jpg,1920,1088,Mask,1016,230,1106,324
frame06541.jpg,1920,1088,Goggles,1006,195,1121,262
frame06541.jpg,1920,1088,Coverall,396,242,844,1083
frame06541.jpg,1920,1088,Coverall,846,117,1297,1087
Using Personal Protection Equipment (PPE) 052.jpg,1280,720,Coverall,649,195,966,720
Using Personal Protection Equipment (PPE) 052.jpg,1280,720,Mask,750,161,859,233
frame04681.jpg,1920,1088,Mask,838,328,1048,532
frame04681.jpg,1920,1088,Gloves,614,721,766,969
frame04681.jpg,1920,1088,Gloves,1064,762,1205,1004
frame04681.jpg,1920,1088,Coverall,425,536,1458,1088
Demonstration of Donning (Putting On) Personal Protective Equipment (PPE) 097.jpg,1280,720,Coverall,755,186,1037,698
Demonstration of Donning (Putting On) Personal Protective Equipment (PPE) 097.jpg,1280,720,Goggles,224,501,361,572
Demonstration of Donning (Putting On) Personal Protective Equipment (PPE) 097.jpg,1280,720,Face_Shield,67,562,250,603
dgah.jpg,590,686,Mask,301,77,353,118
dgah.jpg,590,686,Coverall,145,12,458,683
Demonstration of Donning (Putting On) Personal Protective Equipment (PPE) 039.jpg,1280,720,Mask,452,200,835,495
Demonstration of Donning (Putting On) Personal Protective Equipment (PPE) 039.jpg,1280,720,Mask,1,180,285,416
mnfn.jpg,1300,867,Gloves,418,544,578,742
mnfn.jpg,1300,867,Gloves,615,506,764,734
mnfn.jpg,1300,867,Goggles,524,155,750,292
mnfn.jpg,1300,867,Mask,563,272,724,415
mnfn.jpg,1300,867,Coverall,240,63,1038,858
Demonstration of Donning (Putting On) Personal Protective Equipment (PPE) 183.jpg,1280,720,Mask,445,338,649,483
Demonstration of Donning (Putting On) Personal Protective Equipment (PPE) 183.jpg,1280,720,Coverall,267,422,1131,720
How to properly wear personal protective equipment for airborne contaminants 320.jpg,1280,720,Gloves,680,155,1102,375
How to properly wear personal protective equipment for airborne contaminants 320.jpg,1280,720,Mask,1027,11,1240,162
How to properly wear personal protective equipment for airborne contaminants 320.jpg,1280,720,Coverall,988,127,1280,716
snap08901.jpg,1920,1088,Gloves,810,460,980,587
snap08901.jpg,1920,1088,Gloves,1041,451,1194,608
snap08901.jpg,1920,1088,Mask,967,236,1067,358
snap08901.jpg,1920,1088,Face_Shield,923,171,1111,380
snap08901.jpg,1920,1088,Coverall,688,355,1351,950
rt.jpg,485,273,Gloves,260,182,315,231
rt.jpg,485,273,Gloves,313,183,343,217
rt.jpg,485,273,Gloves,390,149,430,182
rt.jpg,485,273,Mask,83,129,136,184
rt.jpg,485,273,Mask,151,79,179,122
rt.jpg,485,273,Mask,309,34,355,73
rt.jpg,485,273,Goggles,101,106,132,128
rt.jpg,485,273,Goggles,316,24,367,48
rt.jpg,485,273,Coverall,1,25,247,273
rt.jpg,485,273,Coverall,100,12,179,210
rt.jpg,485,273,Coverall,224,2,405,192
Demonstration of Donning (Putting On) Personal Protective Equipment (PPE) 200.jpg,1280,720,Face_Shield,537,190,718,348
Demonstration of Donning (Putting On) Personal Protective Equipment (PPE) 200.jpg,1280,720,Mask,575,261,685,325
Demonstration of Donning (Putting On) Personal Protective Equipment (PPE) 200.jpg,1280,720,Coverall,353,204,903,716
frame05291.jpg,1920,1088,Mask,914,348,1128,564
frame05291.jpg,1920,1088,Gloves,687,269,880,503
frame05291.jpg,1920,1088,Gloves,1139,251,1342,444
frame05291.jpg,1920,1088,Goggles,910,324,1165,440
frame05291.jpg,1920,1088,Coverall,376,101,1689,1087
Using Personal Protection Equipment (PPE) 147.jpg,1280,720,Mask,665,172,796,234
hgf.jpg,1200,800,Gloves,529,454,739,564
hgf.jpg,1200,800,Gloves,565,548,707,744
hgf.jpg,1200,800,Face_Shield,291,171,496,519
hgf.jpg,1200,800,Coverall,3,69,598,800
Demonstration of Donning (Putting On) Personal Protective Equipment (PPE) 210.jpg,1280,720,Gloves,226,159,527,382
Demonstration of Donning (Putting On) Personal Protective Equipment (PPE) 210.jpg,1280,720,Coverall,628,13,1277,720
Demonstration of Donning (Putting On) Personal Protective Equipment (PPE) 106.jpg,1280,720,Coverall,376,261,841,720
Demonstration of Donning (Putting On) Personal Protective Equipment (PPE) 106.jpg,1280,720,Mask,515,473,652,601
dds.jpg,361,537,Gloves,251,247,278,289
dds.jpg,361,537,Gloves,108,242,132,274
dds.jpg,361,537,Goggles,177,51,222,75
dds.jpg,361,537,Mask,180,65,220,96
dds.jpg,361,537,Coverall,110,22,290,488
Using Personal Protection Equipment (PPE) 068.jpg,1280,720,Coverall,532,181,824,716
Using Personal Protection Equipment (PPE) 068.jpg,1280,720,Face_Shield,642,104,762,203
Using Personal Protection Equipment (PPE) 068.jpg,1280,720,Mask,665,151,732,208
snap07061.jpg,1920,1088,Mask,857,365,1000,503
snap07061.jpg,1920,1088,Face_Shield,791,274,1052,553
snap07061.jpg,1920,1088,Gloves,610,250,828,499
snap07061.jpg,1920,1088,Gloves,1002,255,1243,498
snap07061.jpg,1920,1088,Coverall,443,463,1433,1087
Demonstration of Donning (Putting On) Personal Protective Equipment (PPE) 123.jpg,1280,720,Coverall,515,407,1163,720
Demonstration of Donning (Putting On) Personal Protective Equipment (PPE) 123.jpg,1280,720,Mask,581,336,735,518
Using Personal Protection Equipment (PPE) 058.jpg,1280,720,Coverall,606,204,973,720
Using Personal Protection Equipment (PPE) 058.jpg,1280,720,Face_Shield,678,173,803,251
Using Personal Protection Equipment (PPE) 058.jpg,1280,720,Mask,716,203,807,249
snap07311.jpg,1920,1088,Gloves,757,562,819,681
snap07311.jpg,1920,1088,Gloves,998,554,1047,672
snap07311.jpg,1920,1088,Mask,869,151,929,226
snap07311.jpg,1920,1088,Face_Shield,841,105,942,248
snap07311.jpg,1920,1088,Coverall,739,58,1062,955
Using Personal Protection Equipment (PPE) 066.jpg,1280,720,Coverall,549,198,856,720
Using Personal Protection Equipment (PPE) 066.jpg,1280,720,Gloves,836,226,891,334
Using Personal Protection Equipment (PPE) 066.jpg,1280,720,Mask,676,159,748,221
Using Personal Protection Equipment (PPE) 066.jpg,1280,720,Face_Shield,689,135,755,213
Demonstration of Donning (Putting On) Personal Protective Equipment (PPE) 094.jpg,1280,720,Coverall,752,173,1031,691
Demonstration of Donning (Putting On) Personal Protective Equipment (PPE) 094.jpg,1280,720,Goggles,224,512,339,570
Demonstration of Donning (Putting On) Personal Protective Equipment (PPE) 094.jpg,1280,720,Mask,231,575,302,625
mhv.jpg,900,600,Mask,235,126,299,203
mhv.jpg,900,600,Mask,561,188,632,232
mhv.jpg,900,600,Gloves,442,268,546,353
mhv.jpg,900,600,Gloves,104,544,178,599
mhv.jpg,900,600,Gloves,289,539,321,577
mhv.jpg,900,600,Gloves,627,352,737,418
mhv.jpg,900,600,Face_Shield,197,62,324,245
mhv.jpg,900,600,Face_Shield,521,117,675,267
mhv.jpg,900,600,Coverall,8,18,308,592
mhv.jpg,900,600,Coverall,337,53,807,521
htjyuk.jpg,626,417,Mask,190,112,236,158
htjyuk.jpg,626,417,Face_Shield,166,67,287,198
htjyuk.jpg,626,417,Gloves,24,262,115,327
htjyuk.jpg,626,417,Gloves,59,243,119,278
htjyuk.jpg,626,417,Coverall,89,4,372,417
Using Personal Protection Equipment (PPE) 097.jpg,1280,720,Coverall,431,207,755,720
Using Personal Protection Equipment (PPE) 097.jpg,1280,720,Gloves,420,334,515,411
Using Personal Protection Equipment (PPE) 097.jpg,1280,720,Face_Shield,507,135,646,243
Using Personal Protection Equipment (PPE) 097.jpg,1280,720,Mask,549,175,632,239
Using Personal Protection Equipment (PPE) 045 - Copy.jpg,1280,720,Coverall,654,190,998,720
Using Personal Protection Equipment (PPE) 045 - Copy.jpg,1280,720,Mask,731,303,854,372
How to properly wear personal protective equipment for airborne contaminants 277.jpg,1280,720,Coverall,592,144,794,668
i.jpg,696,392,Goggles,140,111,204,152
i.jpg,696,392,Goggles,402,103,481,136
i.jpg,696,392,Mask,162,134,216,201
i.jpg,696,392,Mask,400,118,482,188
i.jpg,696,392,Gloves,465,307,566,364
i.jpg,696,392,Gloves,484,290,575,342
i.jpg,696,392,Coverall,1,12,470,391
i.jpg,696,392,Coverall,325,3,694,389
Using Personal Protection Equipment (PPE) 043 - Copy.jpg,1280,720,Coverall,497,201,949,720
frame04161.jpg,1920,1088,Mask,823,337,1057,591
frame04161.jpg,1920,1088,Gloves,711,436,848,780
frame04161.jpg,1920,1088,Gloves,1009,430,1174,741
frame04161.jpg,1920,1088,Coverall,341,618,1519,1088
Demonstration of Donning (Putting On) Personal Protective Equipment (PPE) 212.jpg,1280,720,Coverall,470,224,810,716
Demonstration of Donning (Putting On) Personal Protective Equipment (PPE) 212.jpg,1280,720,Gloves,655,330,740,470
Demonstration of Donning (Putting On) Personal Protective Equipment (PPE) 212.jpg,1280,720,Face_Shield,554,136,724,301
Demonstration of Donning (Putting On) Personal Protective Equipment (PPE) 212.jpg,1280,720,Mask,596,209,694,268
Demonstration of Donning (Putting On) Personal Protective Equipment (PPE) 157.jpg,1280,720,Coverall,400,269,820,720
Demonstration of Donning (Putting On) Personal Protective Equipment (PPE) 157.jpg,1280,720,Mask,571,191,692,287
frame06221.jpg,1920,1088,Goggles,932,213,1101,299
frame06221.jpg,1920,1088,Mask,947,254,1082,387
frame06221.jpg,1920,1088,Gloves,759,509,852,686
frame06221.jpg,1920,1088,Gloves,1138,542,1228,699
frame06221.jpg,1920,1088,Coverall,707,107,1355,1086
Demonstration of Donning (Putting On) Personal Protective Equipment (PPE) 188.jpg,1280,720,Coverall,240,433,944,720
Demonstration of Donning (Putting On) Personal Protective Equipment (PPE) 188.jpg,1280,720,Mask,493,249,723,418
How to properly wear personal protective equipment for airborne contaminants 328.jpg,1280,720,Goggles,648,275,1280,578
How to properly wear personal protective equipment for airborne contaminants 328.jpg,1280,720,Mask,727,422,1194,720
How to properly wear personal protective equipment for airborne contaminants 328.jpg,1280,720,Gloves,300,127,758,613
gwrht.jpg,626,417,Gloves,124,181,247,351
gwrht.jpg,626,417,Gloves,244,251,477,402
gwrht.jpg,626,417,Mask,338,53,432,124
gwrht.jpg,626,417,Face_Shield,306,2,481,180
gwrht.jpg,626,417,Coverall,139,1,625,414
How to properly wear personal protective equipment for airborne contaminants 200.jpg,1280,720,Mask,750,204,1140,513
Using Personal Protection Equipment (PPE) 021 - Copy.jpg,1280,720,Coverall,419,235,1028,720
Demonstration of Donning (Putting On) Personal Protective Equipment (PPE) 193.jpg,1280,720,Coverall,445,303,911,720
Demonstration of Donning (Putting On) Personal Protective Equipment (PPE) 193.jpg,1280,720,Mask,492,236,603,321
jh.jpg,800,450,Mask,228,80,261,116
jh.jpg,800,450,Mask,304,261,361,297
jh.jpg,800,450,Mask,630,222,654,249
jh.jpg,800,450,Gloves,263,272,306,308
jh.jpg,800,450,Gloves,84,170,142,203
jh.jpg,800,450,Gloves,521,325,567,369
jh.jpg,800,450,Gloves,563,252,617,295
jh.jpg,800,450,Goggles,241,65,279,99
jh.jpg,800,450,Goggles,617,195,647,220
jh.jpg,800,450,Coverall,41,21,285,403
jh.jpg,800,450,Coverall,549,145,759,447
bv.jpg,392,182,Mask,87,41,120,72
bv.jpg,392,182,Mask,168,46,195,67
bv.jpg,392,182,Mask,265,62,282,77
bv.jpg,392,182,Mask,345,69,372,85
bv.jpg,392,182,Goggles,169,42,199,55
bv.jpg,392,182,Goggles,341,60,374,78
bv.jpg,392,182,Face_Shield,159,23,206,77
bv.jpg,392,182,Face_Shield,341,45,380,92
bv.jpg,392,182,Gloves,115,79,177,118
bv.jpg,392,182,Gloves,158,97,197,126
bv.jpg,392,182,Gloves,172,115,204,146
bv.jpg,392,182,Coverall,1,1,157,181
bv.jpg,392,182,Coverall,142,21,224,180
bv.jpg,392,182,Coverall,194,22,392,181
bv.jpg,392,182,Coverall,343,42,392,123
gt.jpg,1440,810,Goggles,583,321,986,452
gt.jpg,1440,810,Mask,606,400,956,744
gt.jpg,1440,810,Face_Shield,492,157,1059,804
Demonstration of Donning (Putting On) Personal Protective Equipment (PPE) 127.jpg,1280,720,Coverall,479,378,1132,720
Demonstration of Donning (Putting On) Personal Protective Equipment (PPE) 127.jpg,1280,720,Mask,524,362,678,522
h.jpg,626,417,Gloves,12,154,80,242
h.jpg,626,417,Gloves,177,317,240,379
h.jpg,626,417,Gloves,339,283,429,346
h.jpg,626,417,Mask,251,99,315,160
h.jpg,626,417,Mask,408,125,461,182
h.jpg,626,417,Face_Shield,221,55,347,194
h.jpg,626,417,Face_Shield,376,54,505,222
h.jpg,626,417,Coverall,35,10,334,415
h.jpg,626,417,Coverall,304,33,622,413
Using Personal Protection Equipment (PPE) 116.jpg,1280,720,Coverall,527,173,893,720
Using Personal Protection Equipment (PPE) 116.jpg,1280,720,Face_Shield,663,120,785,226
Using Personal Protection Equipment (PPE) 116.jpg,1280,720,Mask,687,153,772,227
hv.jpg,500,333,Gloves,139,238,225,288
hv.jpg,500,333,Gloves,295,201,350,236
hv.jpg,500,333,Mask,220,76,276,138
hv.jpg,500,333,Goggles,207,41,280,78
hv.jpg,500,333,Coverall,135,21,384,332
Demonstration of Donning (Putting On) Personal Protective Equipment (PPE) 133.jpg,1280,720,Coverall,528,442,1165,714
Demonstration of Donning (Putting On) Personal Protective Equipment (PPE) 133.jpg,1280,720,Mask,571,268,693,457
Using Personal Protection Equipment (PPE) 109.jpg,1280,720,Coverall,542,226,833,720
Using Personal Protection Equipment (PPE) 109.jpg,1280,720,Face_Shield,628,114,767,230
Using Personal Protection Equipment (PPE) 109.jpg,1280,720,Mask,655,156,754,226
frame06131.jpg,1920,1088,Gloves,603,863,832,1041
frame06131.jpg,1920,1088,Gloves,797,776,1029,923
frame06131.jpg,1920,1088,Goggles,917,269,1043,342
frame06131.jpg,1920,1088,Mask,975,313,1065,395
frame06131.jpg,1920,1088,Coverall,812,49,1450,1085
Demonstration of Donning (Putting On) Personal Protective Equipment (PPE) 125.jpg,1280,720,Mask,546,344,683,512
Demonstration of Donning (Putting On) Personal Protective Equipment (PPE) 125.jpg,1280,720,Coverall,424,444,1187,720
Demonstration of Donning (Putting On) Personal Protective Equipment (PPE) 108.jpg,1280,720,Coverall,411,272,833,720
Demonstration of Donning (Putting On) Personal Protective Equipment (PPE) 108.jpg,1280,720,Mask,557,195,641,307
21fdf.jpg,3600,2025,Goggles,1520,614,2327,969
21fdf.jpg,3600,2025,Mask,1579,902,2184,1283
21fdf.jpg,3600,2025,Face_Shield,1406,345,2386,1633
21fdf.jpg,3600,2025,Gloves,784,223,1472,1066
21fdf.jpg,3600,2025,Gloves,2241,369,3122,1252
21fdf.jpg,3600,2025,Coverall,1,126,3594,2004
Demonstration of Donning (Putting On) Personal Protective Equipment (PPE) 087.jpg,1280,720,Coverall,722,157,1087,688
Demonstration of Donning (Putting On) Personal Protective Equipment (PPE) 087.jpg,1280,720,Goggles,237,503,329,565
Demonstration of Donning (Putting On) Personal Protective Equipment (PPE) 087.jpg,1280,720,Mask,229,578,306,635
Demonstration of Donning (Putting On) Personal Protective Equipment (PPE) 196.jpg,1280,720,Coverall,337,283,899,720
Demonstration of Donning (Putting On) Personal Protective Equipment (PPE) 196.jpg,1280,720,Mask,580,225,700,305
Demonstration of Donning (Putting On) Personal Protective Equipment (PPE) 196.jpg,1280,720,Face_Shield,423,521,744,713
Using Personal Protection Equipment (PPE) 123.jpg,1280,720,Coverall,548,216,821,720
Using Personal Protection Equipment (PPE) 123.jpg,1280,720,Mask,552,170,653,246
fhtzd.jpg,1008,435,Gloves,268,183,380,314
fhtzd.jpg,1008,435,Gloves,294,301,414,384
fhtzd.jpg,1008,435,Mask,322,96,423,187
fhtzd.jpg,1008,435,Goggles,320,60,446,110
fhtzd.jpg,1008,435,Coverall,132,150,585,431
How to properly wear personal protective equipment for airborne contaminants 351.jpg,1280,720,Coverall,655,55,901,700
How to properly wear personal protective equipment for airborne contaminants 351.jpg,1280,720,Gloves,707,181,767,224
How to properly wear personal protective equipment for airborne contaminants 351.jpg,1280,720,Gloves,781,99,819,139
How to properly wear personal protective equipment for airborne contaminants 351.jpg,1280,720,Mask,735,99,785,142
Using Personal Protection Equipment (PPE) 060.jpg,1280,720,Coverall,481,226,886,720
Using Personal Protection Equipment (PPE) 060.jpg,1280,720,Mask,481,192,568,249
htnj.jpg,900,450,Mask,444,178,516,224
htnj.jpg,900,450,Face_Shield,397,80,516,239
htnj.jpg,900,450,Gloves,308,388,387,448
htnj.jpg,900,450,Coverall,358,25,685,448
Demonstration of Donning (Putting On) Personal Protective Equipment (PPE) 015.jpg,1280,720,Coverall,487,161,737,690
Demonstration of Donning (Putting On) Personal Protective Equipment (PPE) 015.jpg,1280,720,Gloves,442,461,519,578
Demonstration of Donning (Putting On) Personal Protective Equipment (PPE) 015.jpg,1280,720,Gloves,726,461,779,575
Demonstration of Donning (Putting On) Personal Protective Equipment (PPE) 015.jpg,1280,720,Face_Shield,562,59,676,177
Demonstration of Donning (Putting On) Personal Protective Equipment (PPE) 015.jpg,1280,720,Mask,596,96,650,170
snap00881.jpg,1920,1088,Gloves,811,533,862,663
snap00881.jpg,1920,1088,Gloves,1093,517,1143,640
snap00881.jpg,1920,1088,Face_Shield,917,77,1011,151
snap00881.jpg,1920,1088,Coverall,803,31,1152,1017
How to properly wear personal protective equipment for airborne contaminants 185.jpg,1280,720,Mask,203,275,623,586
How to properly wear personal protective equipment for airborne contaminants 185.jpg,1280,720,Mask,727,117,1231,529
fr.jpg,1280,720,Gloves,502,462,755,691
fr.jpg,1280,720,Gloves,485,441,590,574
fr.jpg,1280,720,Gloves,631,305,961,547
fr.jpg,1280,720,Goggles,393,295,555,404
fr.jpg,1280,720,Goggles,755,234,961,339
fr.jpg,1280,720,Mask,444,338,543,424
fr.jpg,1280,720,Mask,790,276,946,374
fr.jpg,1280,720,Face_Shield,332,228,590,551
fr.jpg,1280,720,Coverall,298,130,565,720
fr.jpg,1280,720,Coverall,501,80,960,720
fr.jpg,1280,720,Coverall,749,31,1164,720
frame06201.jpg,1920,1088,Gloves,791,417,888,586
frame06201.jpg,1920,1088,Gloves,1120,407,1215,573
frame06201.jpg,1920,1088,Goggles,935,209,1103,296
frame06201.jpg,1920,1088,Mask,956,253,1083,383
frame06201.jpg,1920,1088,Coverall,693,103,1373,1085
snap07121.jpg,1920,1088,Mask,892,290,1029,455
snap07121.jpg,1920,1088,Face_Shield,825,200,1085,491
snap07121.jpg,1920,1088,Gloves,747,400,905,671
snap07121.jpg,1920,1088,Gloves,1020,396,1189,657
snap07121.jpg,1920,1088,Coverall,559,486,1382,1086
Using Personal Protection Equipment (PPE) 020 - Copy.jpg,1280,720,Coverall,559,212,987,505
Demonstration of Donning (Putting On) Personal Protective Equipment (PPE) 130.jpg,1280,720,Coverall,465,274,1160,720
Demonstration of Donning (Putting On) Personal Protective Equipment (PPE) 130.jpg,1280,720,Mask,557,386,713,548
Demonstration of Donning (Putting On) Personal Protective Equipment (PPE) 078.jpg,1280,720,Coverall,801,170,1097,709
Demonstration of Donning (Putting On) Personal Protective Equipment (PPE) 078.jpg,1280,720,Goggles,222,498,353,565
Demonstration of Donning (Putting On) Personal Protective Equipment (PPE) 078.jpg,1280,720,Face_Shield,61,548,246,592
Demonstration of Donning (Putting On) Personal Protective Equipment (PPE) 078.jpg,1280,720,Mask,223,586,315,633
ej.jpg,800,451,Gloves,620,207,684,344
ej.jpg,800,451,Gloves,276,133,358,283
ej.jpg,800,451,Goggles,453,120,563,187
ej.jpg,800,451,Mask,449,151,543,237
ej.jpg,800,451,Coverall,238,58,702,449
bfhrj.png,1400,700,Goggles,741,161,1101,311
bfhrj.png,1400,700,Mask,774,273,1064,563
bfhrj.png,1400,700,Gloves,1036,143,1349,423
bfhrj.png,1400,700,Coverall,474,1,1395,697
dhre.jpg,600,400,Gloves,295,263,381,311
dhre.jpg,600,400,Gloves,301,195,379,236
dhre.jpg,600,400,Goggles,262,83,318,136
dhre.jpg,600,400,Mask,260,119,288,145
dhre.jpg,600,400,Coverall,40,12,322,398
bfhe.jpg,360,240,Goggles,208,64,256,84
bfhe.jpg,360,240,Goggles,273,59,317,83
bfhe.jpg,360,240,Mask,210,75,249,104
bfhe.jpg,360,240,Mask,279,73,317,103
bfhe.jpg,360,240,Gloves,214,128,261,164
bfhe.jpg,360,240,Gloves,192,189,235,212
bfhe.jpg,360,240,Gloves,270,129,318,177
bfhe.jpg,360,240,Face_Shield,201,47,261,108
bfhe.jpg,360,240,Face_Shield,267,41,331,110
bfhe.jpg,360,240,Coverall,144,21,273,239
bfhe.jpg,360,240,Coverall,259,20,359,239
frame06551.jpg,1920,1088,Gloves,442,467,511,580
frame06551.jpg,1920,1088,Gloves,721,467,780,571
frame06551.jpg,1920,1088,Gloves,871,424,942,550
frame06551.jpg,1920,1088,Gloves,1159,442,1244,557
frame06551.jpg,1920,1088,Mask,573,341,650,413
frame06551.jpg,1920,1088,Mask,1019,224,1111,318
frame06551.jpg,1920,1088,Goggles,1005,190,1123,260
frame06551.jpg,1920,1088,Coverall,850,118,1293,1083
frame06551.jpg,1920,1088,Coverall,396,241,835,1085
Demonstration of Donning (Putting On) Personal Protective Equipment (PPE) 186.jpg,1280,720,Coverall,194,399,1074,720
Demonstration of Donning (Putting On) Personal Protective Equipment (PPE) 186.jpg,1280,720,Mask,524,261,750,425
frame05401.jpg,1920,1088,Goggles,876,308,1128,421
frame05401.jpg,1920,1088,Mask,897,358,1103,546
frame05401.jpg,1920,1088,Gloves,1185,818,1328,1050
frame05401.jpg,1920,1088,Gloves,617,763,767,1007
frame05401.jpg,1920,1088,Coverall,491,99,1515,1082
Using Personal Protection Equipment (PPE) 048.jpg,1280,720,Mask,558,379,862,590
Using Personal Protection Equipment (PPE) 048.jpg,1280,720,Coverall,298,464,1235,720
How to properly wear personal protective equipment for airborne contaminants 217.jpg,1280,720,Mask,305,343,670,698
snap08811.jpg,1920,1088,Mask,998,336,1148,528
snap08811.jpg,1920,1088,Face_Shield,930,237,1228,557
snap08811.jpg,1920,1088,Coverall,610,499,1589,951
Demonstration of Donning (Putting On) Personal Protective Equipment (PPE) 227.jpg,1280,720,Gloves,280,1,489,218
Demonstration of Donning (Putting On) Personal Protective Equipment (PPE) 227.jpg,1280,720,Gloves,424,113,610,285
Demonstration of Donning (Putting On) Personal Protective Equipment (PPE) 227.jpg,1280,720,Coverall,633,4,1276,720
How to properly wear personal protective equipment for airborne contaminants 220.jpg,1280,720,Mask,687,343,974,653
How to properly wear personal protective equipment for airborne contaminants 220.jpg,1280,720,Coverall,244,566,1241,720
frame05311.jpg,1920,1088,Mask,905,357,1110,558
frame05311.jpg,1920,1088,Gloves,693,417,916,658
frame05311.jpg,1920,1088,Gloves,1080,444,1328,660
frame05311.jpg,1920,1088,Goggles,879,315,1135,427
frame05311.jpg,1920,1088,Coverall,421,114,1562,1085
Demonstration of Donning (Putting On) Personal Protective Equipment (PPE) 134.jpg,1280,720,Coverall,539,465,1126,720
Demonstration of Donning (Putting On) Personal Protective Equipment (PPE) 134.jpg,1280,720,Mask,532,275,710,460
How to properly wear personal protective equipment for airborne contaminants 331.jpg,1280,720,Gloves,520,159,866,474
How to properly wear personal protective equipment for airborne contaminants 331.jpg,1280,720,Gloves,675,512,964,720
